Delivery Date,Delivery Hour,Delivery Interval,Settlement Point Name,Settlement Point Type,Settlement Point Price
2024-12-01,1,1,LZ_WEST,LZEW,39.33
2024-12-01,1,2,LZ_WEST,LZEW,35.66
2024-12-01,1,3,LZ_WEST,LZEW,34.53
2024-12-01,1,4,LZ_WEST,LZEW,35.84
2024-12-01,2,1,LZ_WEST,LZEW,35.77
2024-12-01,2,2,LZ_WEST,LZEW,34.68
2024-12-01,2,3,LZ_WEST,LZEW,32.36
2024-12-01,2,4,LZ_WEST,LZEW,30.49
2024-12-01,3,1,LZ_WEST,LZEW,27.88
2024-12-01,3,2,LZ_WEST,LZEW,27.88
2024-12-01,3,3,LZ_WEST,LZEW,29.12
2024-12-01,3,4,LZ_WEST,LZEW,28.74
2024-12-01,4,1,LZ_WEST,LZEW,28.87
2024-12-01,4,2,LZ_WEST,LZEW,26.88
2024-12-01,4,3,LZ_WEST,LZEW,28.43
2024-12-01,4,4,LZ_WEST,LZEW,28.36
2024-12-01,5,1,LZ_WEST,LZEW,28.32
2024-12-01,5,2,LZ_WEST,LZEW,26.65
2024-12-01,5,3,LZ_WEST,LZEW,26.74
2024-12-01,5,4,LZ_WEST,LZEW,28.36
2024-12-01,6,1,LZ_WEST,LZEW,27.46
2024-12-01,6,2,LZ_WEST,LZEW,31.60
2024-12-01,6,3,LZ_WEST,LZEW,34.53
2024-12-01,6,4,LZ_WEST,LZEW,36.11
2024-12-01,7,1,LZ_WEST,LZEW,31.76
2024-12-01,7,2,LZ_WEST,LZEW,33.75
2024-12-01,7,3,LZ_WEST,LZEW,29.85
2024-12-01,7,4,LZ_WEST,LZEW,30.27
2024-12-01,8,1,LZ_WEST,LZEW,30.83
2024-12-01,8,2,LZ_WEST,LZEW,36.86
2024-12-01,8,3,LZ_WEST,LZEW,33.13
2024-12-01,8,4,LZ_WEST,LZEW,27.44
2024-12-01,9,1,LZ_WEST,LZEW,25.36
2024-12-01,9,2,LZ_WEST,LZEW,21.76
2024-12-01,9,3,LZ_WEST,LZEW,18.82
2024-12-01,9,4,LZ_WEST,LZEW,17.92
2024-12-01,10,1,LZ_WEST,LZEW,19.57
2024-12-01,10,2,LZ_WEST,LZEW,19.67
2024-12-01,10,3,LZ_WEST,LZEW,19.15
2024-12-01,10,4,LZ_WEST,LZEW,18.95
2024-12-01,11,1,LZ_WEST,LZEW,20.09
2024-12-01,11,2,LZ_WEST,LZEW,18.66
2024-12-01,11,3,LZ_WEST,LZEW,17.42
2024-12-01,11,4,LZ_WEST,LZEW,17.88
2024-12-01,12,1,LZ_WEST,LZEW,19.49
2024-12-01,12,2,LZ_WEST,LZEW,19.05
2024-12-01,12,3,LZ_WEST,LZEW,19.20
2024-12-01,12,4,LZ_WEST,LZEW,19.65
2024-12-01,13,1,LZ_WEST,LZEW,19.82
2024-12-01,13,2,LZ_WEST,LZEW,19.98
2024-12-01,13,3,LZ_WEST,LZEW,19.55
2024-12-01,13,4,LZ_WEST,LZEW,19.96
2024-12-01,14,1,LZ_WEST,LZEW,20.13
2024-12-01,14,2,LZ_WEST,LZEW,20.17
2024-12-01,14,3,LZ_WEST,LZEW,20.78
2024-12-01,14,4,LZ_WEST,LZEW,20.55
2024-12-01,15,1,LZ_WEST,LZEW,20.80
2024-12-01,15,2,LZ_WEST,LZEW,19.73
2024-12-01,15,3,LZ_WEST,LZEW,20.17
2024-12-01,15,4,LZ_WEST,LZEW,20.38
2024-12-01,16,1,LZ_WEST,LZEW,18.34
2024-12-01,16,2,LZ_WEST,LZEW,17.84
2024-12-01,16,3,LZ_WEST,LZEW,20.06
2024-12-01,16,4,LZ_WEST,LZEW,20.51
2024-12-01,17,1,LZ_WEST,LZEW,22.93
2024-12-01,17,2,LZ_WEST,LZEW,32.59
2024-12-01,17,3,LZ_WEST,LZEW,47.46
2024-12-01,17,4,LZ_WEST,LZEW,64.27
2024-12-01,18,1,LZ_WEST,LZEW,62.22
2024-12-01,18,2,LZ_WEST,LZEW,70.17
2024-12-01,18,3,LZ_WEST,LZEW,60.68
2024-12-01,18,4,LZ_WEST,LZEW,51.96
2024-12-01,19,1,LZ_WEST,LZEW,56.29
2024-12-01,19,2,LZ_WEST,LZEW,58.84
2024-12-01,19,3,LZ_WEST,LZEW,50.96
2024-12-01,19,4,LZ_WEST,LZEW,40.88
2024-12-01,20,1,LZ_WEST,LZEW,44.97
2024-12-01,20,2,LZ_WEST,LZEW,42.64
2024-12-01,20,3,LZ_WEST,LZEW,39.13
2024-12-01,20,4,LZ_WEST,LZEW,36.36
2024-12-01,21,1,LZ_WEST,LZEW,35.45
2024-12-01,21,2,LZ_WEST,LZEW,33.90
2024-12-01,21,3,LZ_WEST,LZEW,30.35
2024-12-01,21,4,LZ_WEST,LZEW,33.01
2024-12-01,22,1,LZ_WEST,LZEW,34.60
2024-12-01,22,2,LZ_WEST,LZEW,34.46
2024-12-01,22,3,LZ_WEST,LZEW,32.59
2024-12-01,22,4,LZ_WEST,LZEW,28.87
2024-12-01,23,1,LZ_WEST,LZEW,29.52
2024-12-01,23,2,LZ_WEST,LZEW,29.55
2024-12-01,23,3,LZ_WEST,LZEW,29.76
2024-12-01,23,4,LZ_WEST,LZEW,29.73
2024-12-01,24,1,LZ_WEST,LZEW,29.04
2024-12-01,24,2,LZ_WEST,LZEW,27.97
2024-12-01,24,3,LZ_WEST,LZEW,27.54
2024-12-01,24,4,LZ_WEST,LZEW,26.40
2024-12-02,1,1,LZ_WEST,LZEW,31.47
2024-12-02,1,2,LZ_WEST,LZEW,32.83
2024-12-02,1,3,LZ_WEST,LZEW,30.31
2024-12-02,1,4,LZ_WEST,LZEW,32.08
2024-12-02,2,1,LZ_WEST,LZEW,31.07
2024-12-02,2,2,LZ_WEST,LZEW,30.47
2024-12-02,2,3,LZ_WEST,LZEW,31.85
2024-12-02,2,4,LZ_WEST,LZEW,34.02
2024-12-02,3,1,LZ_WEST,LZEW,30.62
2024-12-02,3,2,LZ_WEST,LZEW,30.89
2024-12-02,3,3,LZ_WEST,LZEW,30.63
2024-12-02,3,4,LZ_WEST,LZEW,30.28
2024-12-02,4,1,LZ_WEST,LZEW,29.87
2024-12-02,4,2,LZ_WEST,LZEW,30.66
2024-12-02,4,3,LZ_WEST,LZEW,35.86
2024-12-02,4,4,LZ_WEST,LZEW,42.95
2024-12-02,5,1,LZ_WEST,LZEW,38.83
2024-12-02,5,2,LZ_WEST,LZEW,45.63
2024-12-02,5,3,LZ_WEST,LZEW,50.48
2024-12-02,5,4,LZ_WEST,LZEW,54.45
2024-12-02,6,1,LZ_WEST,LZEW,59.20
2024-12-02,6,2,LZ_WEST,LZEW,52.55
2024-12-02,6,3,LZ_WEST,LZEW,63.34
2024-12-02,6,4,LZ_WEST,LZEW,73.48
2024-12-02,7,1,LZ_WEST,LZEW,67.77
2024-12-02,7,2,LZ_WEST,LZEW,79.49
2024-12-02,7,3,LZ_WEST,LZEW,82.88
2024-12-02,7,4,LZ_WEST,LZEW,93.80
2024-12-02,8,1,LZ_WEST,LZEW,126.33
2024-12-02,8,2,LZ_WEST,LZEW,111.40
2024-12-02,8,3,LZ_WEST,LZEW,116
2024-12-02,8,4,LZ_WEST,LZEW,66.90
2024-12-02,9,1,LZ_WEST,LZEW,47.29
2024-12-02,9,2,LZ_WEST,LZEW,37.79
2024-12-02,9,3,LZ_WEST,LZEW,30.84
2024-12-02,9,4,LZ_WEST,LZEW,25.12
2024-12-02,10,1,LZ_WEST,LZEW,27.66
2024-12-02,10,2,LZ_WEST,LZEW,27.35
2024-12-02,10,3,LZ_WEST,LZEW,29.92
2024-12-02,10,4,LZ_WEST,LZEW,25.75
2024-12-02,11,1,LZ_WEST,LZEW,28.17
2024-12-02,11,2,LZ_WEST,LZEW,24.37
2024-12-02,11,3,LZ_WEST,LZEW,23.73
2024-12-02,11,4,LZ_WEST,LZEW,23.39
2024-12-02,12,1,LZ_WEST,LZEW,24.43
2024-12-02,12,2,LZ_WEST,LZEW,24.79
2024-12-02,12,3,LZ_WEST,LZEW,24.62
2024-12-02,12,4,LZ_WEST,LZEW,24.91
2024-12-02,13,1,LZ_WEST,LZEW,24.47
2024-12-02,13,2,LZ_WEST,LZEW,23.62
2024-12-02,13,3,LZ_WEST,LZEW,22.78
2024-12-02,13,4,LZ_WEST,LZEW,22.83
2024-12-02,14,1,LZ_WEST,LZEW,23.70
2024-12-02,14,2,LZ_WEST,LZEW,22.44
2024-12-02,14,3,LZ_WEST,LZEW,21.64
2024-12-02,14,4,LZ_WEST,LZEW,21.85
2024-12-02,15,1,LZ_WEST,LZEW,21.53
2024-12-02,15,2,LZ_WEST,LZEW,22.46
2024-12-02,15,3,LZ_WEST,LZEW,22.51
2024-12-02,15,4,LZ_WEST,LZEW,22.14
2024-12-02,16,1,LZ_WEST,LZEW,20.60
2024-12-02,16,2,LZ_WEST,LZEW,20.88
2024-12-02,16,3,LZ_WEST,LZEW,23.40
2024-12-02,16,4,LZ_WEST,LZEW,26.71
2024-12-02,17,1,LZ_WEST,LZEW,36.82
2024-12-02,17,2,LZ_WEST,LZEW,52.58
2024-12-02,17,3,LZ_WEST,LZEW,65.31
2024-12-02,17,4,LZ_WEST,LZEW,76.85
2024-12-02,18,1,LZ_WEST,LZEW,62.56
2024-12-02,18,2,LZ_WEST,LZEW,55.26
2024-12-02,18,3,LZ_WEST,LZEW,50.98
2024-12-02,18,4,LZ_WEST,LZEW,58.90
2024-12-02,19,1,LZ_WEST,LZEW,66.92
2024-12-02,19,2,LZ_WEST,LZEW,62.01
2024-12-02,19,3,LZ_WEST,LZEW,48.47
2024-12-02,19,4,LZ_WEST,LZEW,43.75
2024-12-02,20,1,LZ_WEST,LZEW,48.38
2024-12-02,20,2,LZ_WEST,LZEW,48.14
2024-12-02,20,3,LZ_WEST,LZEW,53.95
2024-12-02,20,4,LZ_WEST,LZEW,67.27
2024-12-02,21,1,LZ_WEST,LZEW,62.48
2024-12-02,21,2,LZ_WEST,LZEW,58.31
2024-12-02,21,3,LZ_WEST,LZEW,58.57
2024-12-02,21,4,LZ_WEST,LZEW,59.62
2024-12-02,22,1,LZ_WEST,LZEW,61.05
2024-12-02,22,2,LZ_WEST,LZEW,58.57
2024-12-02,22,3,LZ_WEST,LZEW,59.87
2024-12-02,22,4,LZ_WEST,LZEW,59.02
2024-12-02,23,1,LZ_WEST,LZEW,58.03
2024-12-02,23,2,LZ_WEST,LZEW,60.35
2024-12-02,23,3,LZ_WEST,LZEW,60.41
2024-12-02,23,4,LZ_WEST,LZEW,57.89
2024-12-02,24,1,LZ_WEST,LZEW,58.76
2024-12-02,24,2,LZ_WEST,LZEW,55.46
2024-12-02,24,3,LZ_WEST,LZEW,53.99
2024-12-02,24,4,LZ_WEST,LZEW,51.31
2024-12-03,1,1,LZ_WEST,LZEW,84.21
2024-12-03,1,2,LZ_WEST,LZEW,65.17
2024-12-03,1,3,LZ_WEST,LZEW,63.52
2024-12-03,1,4,LZ_WEST,LZEW,63.05
2024-12-03,2,1,LZ_WEST,LZEW,62.13
2024-12-03,2,2,LZ_WEST,LZEW,60.41
2024-12-03,2,3,LZ_WEST,LZEW,54.49
2024-12-03,2,4,LZ_WEST,LZEW,54.47
2024-12-03,3,1,LZ_WEST,LZEW,53.55
2024-12-03,3,2,LZ_WEST,LZEW,57.05
2024-12-03,3,3,LZ_WEST,LZEW,59.29
2024-12-03,3,4,LZ_WEST,LZEW,63.11
2024-12-03,4,1,LZ_WEST,LZEW,64.14
2024-12-03,4,2,LZ_WEST,LZEW,64.56
2024-12-03,4,3,LZ_WEST,LZEW,60.85
2024-12-03,4,4,LZ_WEST,LZEW,58.79
2024-12-03,5,1,LZ_WEST,LZEW,52.53
2024-12-03,5,2,LZ_WEST,LZEW,46.12
2024-12-03,5,3,LZ_WEST,LZEW,43.22
2024-12-03,5,4,LZ_WEST,LZEW,51.21
2024-12-03,6,1,LZ_WEST,LZEW,64.17
2024-12-03,6,2,LZ_WEST,LZEW,56.48
2024-12-03,6,3,LZ_WEST,LZEW,56.28
2024-12-03,6,4,LZ_WEST,LZEW,42.04
2024-12-03,7,1,LZ_WEST,LZEW,41.90
2024-12-03,7,2,LZ_WEST,LZEW,65.62
2024-12-03,7,3,LZ_WEST,LZEW,75.30
2024-12-03,7,4,LZ_WEST,LZEW,70.02
2024-12-03,8,1,LZ_WEST,LZEW,77.08
2024-12-03,8,2,LZ_WEST,LZEW,45.84
2024-12-03,8,3,LZ_WEST,LZEW,39.84
2024-12-03,8,4,LZ_WEST,LZEW,33.71
2024-12-03,9,1,LZ_WEST,LZEW,35.89
2024-12-03,9,2,LZ_WEST,LZEW,28.55
2024-12-03,9,3,LZ_WEST,LZEW,25.81
2024-12-03,9,4,LZ_WEST,LZEW,23.84
2024-12-03,10,1,LZ_WEST,LZEW,24.20
2024-12-03,10,2,LZ_WEST,LZEW,22.60
2024-12-03,10,3,LZ_WEST,LZEW,22.33
2024-12-03,10,4,LZ_WEST,LZEW,21.98
2024-12-03,11,1,LZ_WEST,LZEW,21.67
2024-12-03,11,2,LZ_WEST,LZEW,21.54
2024-12-03,11,3,LZ_WEST,LZEW,21.30
2024-12-03,11,4,LZ_WEST,LZEW,20.91
2024-12-03,12,1,LZ_WEST,LZEW,22.34
2024-12-03,12,2,LZ_WEST,LZEW,21.10
2024-12-03,12,3,LZ_WEST,LZEW,20.53
2024-12-03,12,4,LZ_WEST,LZEW,19.80
2024-12-03,13,1,LZ_WEST,LZEW,19.71
2024-12-03,13,2,LZ_WEST,LZEW,19.36
2024-12-03,13,3,LZ_WEST,LZEW,18.91
2024-12-03,13,4,LZ_WEST,LZEW,18.99
2024-12-03,14,1,LZ_WEST,LZEW,19.41
2024-12-03,14,2,LZ_WEST,LZEW,19.54
2024-12-03,14,3,LZ_WEST,LZEW,19.50
2024-12-03,14,4,LZ_WEST,LZEW,19.44
2024-12-03,15,1,LZ_WEST,LZEW,19
2024-12-03,15,2,LZ_WEST,LZEW,19.72
2024-12-03,15,3,LZ_WEST,LZEW,19.26
2024-12-03,15,4,LZ_WEST,LZEW,19.47
2024-12-03,16,1,LZ_WEST,LZEW,18.62
2024-12-03,16,2,LZ_WEST,LZEW,18.56
2024-12-03,16,3,LZ_WEST,LZEW,20.10
2024-12-03,16,4,LZ_WEST,LZEW,22.26
2024-12-03,17,1,LZ_WEST,LZEW,23.39
2024-12-03,17,2,LZ_WEST,LZEW,28.82
2024-12-03,17,3,LZ_WEST,LZEW,30.02
2024-12-03,17,4,LZ_WEST,LZEW,34.21
2024-12-03,18,1,LZ_WEST,LZEW,35.28
2024-12-03,18,2,LZ_WEST,LZEW,40.55
2024-12-03,18,3,LZ_WEST,LZEW,38.64
2024-12-03,18,4,LZ_WEST,LZEW,36.97
2024-12-03,19,1,LZ_WEST,LZEW,35.09
2024-12-03,19,2,LZ_WEST,LZEW,42.59
2024-12-03,19,3,LZ_WEST,LZEW,45.68
2024-12-03,19,4,LZ_WEST,LZEW,44.53
2024-12-03,20,1,LZ_WEST,LZEW,50.90
2024-12-03,20,2,LZ_WEST,LZEW,40.13
2024-12-03,20,3,LZ_WEST,LZEW,43.06
2024-12-03,20,4,LZ_WEST,LZEW,41.99
2024-12-03,21,1,LZ_WEST,LZEW,45.69
2024-12-03,21,2,LZ_WEST,LZEW,45.54
2024-12-03,21,3,LZ_WEST,LZEW,39.46
2024-12-03,21,4,LZ_WEST,LZEW,41.34
2024-12-03,22,1,LZ_WEST,LZEW,40.01
2024-12-03,22,2,LZ_WEST,LZEW,43.15
2024-12-03,22,3,LZ_WEST,LZEW,49.16
2024-12-03,22,4,LZ_WEST,LZEW,39.61
2024-12-03,23,1,LZ_WEST,LZEW,41.68
2024-12-03,23,2,LZ_WEST,LZEW,39.62
2024-12-03,23,3,LZ_WEST,LZEW,32.91
2024-12-03,23,4,LZ_WEST,LZEW,31.19
2024-12-03,24,1,LZ_WEST,LZEW,31.42
2024-12-03,24,2,LZ_WEST,LZEW,31.84
2024-12-03,24,3,LZ_WEST,LZEW,37.89
2024-12-03,24,4,LZ_WEST,LZEW,38.49
2024-12-04,1,1,LZ_WEST,LZEW,44.14
2024-12-04,1,2,LZ_WEST,LZEW,40.55
2024-12-04,1,3,LZ_WEST,LZEW,40.15
2024-12-04,1,4,LZ_WEST,LZEW,40.10
2024-12-04,2,1,LZ_WEST,LZEW,42.86
2024-12-04,2,2,LZ_WEST,LZEW,47.57
2024-12-04,2,3,LZ_WEST,LZEW,47.42
2024-12-04,2,4,LZ_WEST,LZEW,53.40
2024-12-04,3,1,LZ_WEST,LZEW,53.45
2024-12-04,3,2,LZ_WEST,LZEW,52.34
2024-12-04,3,3,LZ_WEST,LZEW,49.07
2024-12-04,3,4,LZ_WEST,LZEW,47.13
2024-12-04,4,1,LZ_WEST,LZEW,35.92
2024-12-04,4,2,LZ_WEST,LZEW,37.91
2024-12-04,4,3,LZ_WEST,LZEW,41.41
2024-12-04,4,4,LZ_WEST,LZEW,38.84
2024-12-04,5,1,LZ_WEST,LZEW,48.79
2024-12-04,5,2,LZ_WEST,LZEW,53.72
2024-12-04,5,3,LZ_WEST,LZEW,53.44
2024-12-04,5,4,LZ_WEST,LZEW,54.22
2024-12-04,6,1,LZ_WEST,LZEW,55.85
2024-12-04,6,2,LZ_WEST,LZEW,55.90
2024-12-04,6,3,LZ_WEST,LZEW,58.62
2024-12-04,6,4,LZ_WEST,LZEW,58.11
2024-12-04,7,1,LZ_WEST,LZEW,48.49
2024-12-04,7,2,LZ_WEST,LZEW,46.66
2024-12-04,7,3,LZ_WEST,LZEW,48.99
2024-12-04,7,4,LZ_WEST,LZEW,138.09
2024-12-04,8,1,LZ_WEST,LZEW,88.65
2024-12-04,8,2,LZ_WEST,LZEW,44.66
2024-12-04,8,3,LZ_WEST,LZEW,116.90
2024-12-04,8,4,LZ_WEST,LZEW,60.43
2024-12-04,9,1,LZ_WEST,LZEW,80.55
2024-12-04,9,2,LZ_WEST,LZEW,89.27
2024-12-04,9,3,LZ_WEST,LZEW,56.35
2024-12-04,9,4,LZ_WEST,LZEW,38.67
2024-12-04,10,1,LZ_WEST,LZEW,33.04
2024-12-04,10,2,LZ_WEST,LZEW,36.60
2024-12-04,10,3,LZ_WEST,LZEW,39.82
2024-12-04,10,4,LZ_WEST,LZEW,62.26
2024-12-04,11,1,LZ_WEST,LZEW,58.02
2024-12-04,11,2,LZ_WEST,LZEW,52.60
2024-12-04,11,3,LZ_WEST,LZEW,42.23
2024-12-04,11,4,LZ_WEST,LZEW,45.31
2024-12-04,12,1,LZ_WEST,LZEW,43.16
2024-12-04,12,2,LZ_WEST,LZEW,44.44
2024-12-04,12,3,LZ_WEST,LZEW,42.56
2024-12-04,12,4,LZ_WEST,LZEW,42.30
2024-12-04,13,1,LZ_WEST,LZEW,42.19
2024-12-04,13,2,LZ_WEST,LZEW,42.55
2024-12-04,13,3,LZ_WEST,LZEW,43.66
2024-12-04,13,4,LZ_WEST,LZEW,44.87
2024-12-04,14,1,LZ_WEST,LZEW,45.56
2024-12-04,14,2,LZ_WEST,LZEW,41.27
2024-12-04,14,3,LZ_WEST,LZEW,39.17
2024-12-04,14,4,LZ_WEST,LZEW,37.01
2024-12-04,15,1,LZ_WEST,LZEW,33.32
2024-12-04,15,2,LZ_WEST,LZEW,33.74
2024-12-04,15,3,LZ_WEST,LZEW,34.07
2024-12-04,15,4,LZ_WEST,LZEW,31.65
2024-12-04,16,1,LZ_WEST,LZEW,29.78
2024-12-04,16,2,LZ_WEST,LZEW,29.84
2024-12-04,16,3,LZ_WEST,LZEW,29.82
2024-12-04,16,4,LZ_WEST,LZEW,29.93
2024-12-04,17,1,LZ_WEST,LZEW,29.82
2024-12-04,17,2,LZ_WEST,LZEW,34.88
2024-12-04,17,3,LZ_WEST,LZEW,52.81
2024-12-04,17,4,LZ_WEST,LZEW,77.28
2024-12-04,18,1,LZ_WEST,LZEW,83.03
2024-12-04,18,2,LZ_WEST,LZEW,93.69
2024-12-04,18,3,LZ_WEST,LZEW,105.43
2024-12-04,18,4,LZ_WEST,LZEW,103.90
2024-12-04,19,1,LZ_WEST,LZEW,90.15
2024-12-04,19,2,LZ_WEST,LZEW,80.67
2024-12-04,19,3,LZ_WEST,LZEW,76.77
2024-12-04,19,4,LZ_WEST,LZEW,79.88
2024-12-04,20,1,LZ_WEST,LZEW,132.70
2024-12-04,20,2,LZ_WEST,LZEW,109.36
2024-12-04,20,3,LZ_WEST,LZEW,61.03
2024-12-04,20,4,LZ_WEST,LZEW,117.40
2024-12-04,21,1,LZ_WEST,LZEW,164.08
2024-12-04,21,2,LZ_WEST,LZEW,87.33
2024-12-04,21,3,LZ_WEST,LZEW,63.24
2024-12-04,21,4,LZ_WEST,LZEW,47.96
2024-12-04,22,1,LZ_WEST,LZEW,111.61
2024-12-04,22,2,LZ_WEST,LZEW,81.98
2024-12-04,22,3,LZ_WEST,LZEW,67.43
2024-12-04,22,4,LZ_WEST,LZEW,83.05
2024-12-04,23,1,LZ_WEST,LZEW,132.95
2024-12-04,23,2,LZ_WEST,LZEW,39.05
2024-12-04,23,3,LZ_WEST,LZEW,60.78
2024-12-04,23,4,LZ_WEST,LZEW,61.79
2024-12-04,24,1,LZ_WEST,LZEW,106.44
2024-12-04,24,2,LZ_WEST,LZEW,56.27
2024-12-04,24,3,LZ_WEST,LZEW,78.56
2024-12-04,24,4,LZ_WEST,LZEW,69.13
2024-12-05,1,1,LZ_WEST,LZEW,100.32
2024-12-05,1,2,LZ_WEST,LZEW,62.41
2024-12-05,1,3,LZ_WEST,LZEW,61.01
2024-12-05,1,4,LZ_WEST,LZEW,56.47
2024-12-05,2,1,LZ_WEST,LZEW,51.16
2024-12-05,2,2,LZ_WEST,LZEW,39.70
2024-12-05,2,3,LZ_WEST,LZEW,39.34
2024-12-05,2,4,LZ_WEST,LZEW,40.83
2024-12-05,3,1,LZ_WEST,LZEW,34.13
2024-12-05,3,2,LZ_WEST,LZEW,30.96
2024-12-05,3,3,LZ_WEST,LZEW,33.34
2024-12-05,3,4,LZ_WEST,LZEW,35.24
2024-12-05,4,1,LZ_WEST,LZEW,35.43
2024-12-05,4,2,LZ_WEST,LZEW,40.21
2024-12-05,4,3,LZ_WEST,LZEW,38.78
2024-12-05,4,4,LZ_WEST,LZEW,34.69
2024-12-05,5,1,LZ_WEST,LZEW,35.26
2024-12-05,5,2,LZ_WEST,LZEW,33.16
2024-12-05,5,3,LZ_WEST,LZEW,34.08
2024-12-05,5,4,LZ_WEST,LZEW,32.49
2024-12-05,6,1,LZ_WEST,LZEW,32.21
2024-12-05,6,2,LZ_WEST,LZEW,32.29
2024-12-05,6,3,LZ_WEST,LZEW,32.02
2024-12-05,6,4,LZ_WEST,LZEW,33.41
2024-12-05,7,1,LZ_WEST,LZEW,32.42
2024-12-05,7,2,LZ_WEST,LZEW,33.13
2024-12-05,7,3,LZ_WEST,LZEW,35.60
2024-12-05,7,4,LZ_WEST,LZEW,35.68
2024-12-05,8,1,LZ_WEST,LZEW,41.91
2024-12-05,8,2,LZ_WEST,LZEW,41.95
2024-12-05,8,3,LZ_WEST,LZEW,40.44
2024-12-05,8,4,LZ_WEST,LZEW,49.24
2024-12-05,9,1,LZ_WEST,LZEW,52.36
2024-12-05,9,2,LZ_WEST,LZEW,37.13
2024-12-05,9,3,LZ_WEST,LZEW,28.77
2024-12-05,9,4,LZ_WEST,LZEW,21.47
2024-12-05,10,1,LZ_WEST,LZEW,21.71
2024-12-05,10,2,LZ_WEST,LZEW,19.96
2024-12-05,10,3,LZ_WEST,LZEW,16.90
2024-12-05,10,4,LZ_WEST,LZEW,17.35
2024-12-05,11,1,LZ_WEST,LZEW,16.74
2024-12-05,11,2,LZ_WEST,LZEW,14.59
2024-12-05,11,3,LZ_WEST,LZEW,10.97
2024-12-05,11,4,LZ_WEST,LZEW,12.80
2024-12-05,12,1,LZ_WEST,LZEW,14.46
2024-12-05,12,2,LZ_WEST,LZEW,15.23
2024-12-05,12,3,LZ_WEST,LZEW,16.36
2024-12-05,12,4,LZ_WEST,LZEW,18.54
2024-12-05,13,1,LZ_WEST,LZEW,17.11
2024-12-05,13,2,LZ_WEST,LZEW,18.41
2024-12-05,13,3,LZ_WEST,LZEW,18.91
2024-12-05,13,4,LZ_WEST,LZEW,19.84
2024-12-05,14,1,LZ_WEST,LZEW,18.16
2024-12-05,14,2,LZ_WEST,LZEW,18.59
2024-12-05,14,3,LZ_WEST,LZEW,18.65
2024-12-05,14,4,LZ_WEST,LZEW,18.63
2024-12-05,15,1,LZ_WEST,LZEW,17.98
2024-12-05,15,2,LZ_WEST,LZEW,18.94
2024-12-05,15,3,LZ_WEST,LZEW,20.05
2024-12-05,15,4,LZ_WEST,LZEW,20.28
2024-12-05,16,1,LZ_WEST,LZEW,19.31
2024-12-05,16,2,LZ_WEST,LZEW,19.82
2024-12-05,16,3,LZ_WEST,LZEW,20.33
2024-12-05,16,4,LZ_WEST,LZEW,20.93
2024-12-05,17,1,LZ_WEST,LZEW,20.81
2024-12-05,17,2,LZ_WEST,LZEW,23.55
2024-12-05,17,3,LZ_WEST,LZEW,26.03
2024-12-05,17,4,LZ_WEST,LZEW,35.94
2024-12-05,18,1,LZ_WEST,LZEW,29.92
2024-12-05,18,2,LZ_WEST,LZEW,33.25
2024-12-05,18,3,LZ_WEST,LZEW,33.03
2024-12-05,18,4,LZ_WEST,LZEW,29.54
2024-12-05,19,1,LZ_WEST,LZEW,36.64
2024-12-05,19,2,LZ_WEST,LZEW,37.53
2024-12-05,19,3,LZ_WEST,LZEW,44.66
2024-12-05,19,4,LZ_WEST,LZEW,43.76
2024-12-05,20,1,LZ_WEST,LZEW,47.61
2024-12-05,20,2,LZ_WEST,LZEW,43.96
2024-12-05,20,3,LZ_WEST,LZEW,44.15
2024-12-05,20,4,LZ_WEST,LZEW,43.16
2024-12-05,21,1,LZ_WEST,LZEW,42.12
2024-12-05,21,2,LZ_WEST,LZEW,35.28
2024-12-05,21,3,LZ_WEST,LZEW,32.41
2024-12-05,21,4,LZ_WEST,LZEW,30.65
2024-12-05,22,1,LZ_WEST,LZEW,29.77
2024-12-05,22,2,LZ_WEST,LZEW,28.46
2024-12-05,22,3,LZ_WEST,LZEW,27.97
2024-12-05,22,4,LZ_WEST,LZEW,27.99
2024-12-05,23,1,LZ_WEST,LZEW,26.75
2024-12-05,23,2,LZ_WEST,LZEW,27.45
2024-12-05,23,3,LZ_WEST,LZEW,25.63
2024-12-05,23,4,LZ_WEST,LZEW,22.78
2024-12-05,24,1,LZ_WEST,LZEW,21.83
2024-12-05,24,2,LZ_WEST,LZEW,21.69
2024-12-05,24,3,LZ_WEST,LZEW,21.79
2024-12-05,24,4,LZ_WEST,LZEW,21.63
2024-12-06,1,1,LZ_WEST,LZEW,21.56
2024-12-06,1,2,LZ_WEST,LZEW,22.78
2024-12-06,1,3,LZ_WEST,LZEW,24.02
2024-12-06,1,4,LZ_WEST,LZEW,28.53
2024-12-06,2,1,LZ_WEST,LZEW,29.36
2024-12-06,2,2,LZ_WEST,LZEW,32.50
2024-12-06,2,3,LZ_WEST,LZEW,36.29
2024-12-06,2,4,LZ_WEST,LZEW,37.56
2024-12-06,3,1,LZ_WEST,LZEW,36.48
2024-12-06,3,2,LZ_WEST,LZEW,36.43
2024-12-06,3,3,LZ_WEST,LZEW,37.99
2024-12-06,3,4,LZ_WEST,LZEW,35.71
2024-12-06,4,1,LZ_WEST,LZEW,36.89
2024-12-06,4,2,LZ_WEST,LZEW,35.26
2024-12-06,4,3,LZ_WEST,LZEW,37.28
2024-12-06,4,4,LZ_WEST,LZEW,37.64
2024-12-06,5,1,LZ_WEST,LZEW,35.42
2024-12-06,5,2,LZ_WEST,LZEW,34.35
2024-12-06,5,3,LZ_WEST,LZEW,35.84
2024-12-06,5,4,LZ_WEST,LZEW,44.63
2024-12-06,6,1,LZ_WEST,LZEW,39.65
2024-12-06,6,2,LZ_WEST,LZEW,40.48
2024-12-06,6,3,LZ_WEST,LZEW,45.53
2024-12-06,6,4,LZ_WEST,LZEW,52.22
2024-12-06,7,1,LZ_WEST,LZEW,55.13
2024-12-06,7,2,LZ_WEST,LZEW,59.36
2024-12-06,7,3,LZ_WEST,LZEW,56.82
2024-12-06,7,4,LZ_WEST,LZEW,53.16
2024-12-06,8,1,LZ_WEST,LZEW,54.95
2024-12-06,8,2,LZ_WEST,LZEW,58.79
2024-12-06,8,3,LZ_WEST,LZEW,55.79
2024-12-06,8,4,LZ_WEST,LZEW,46.82
2024-12-06,9,1,LZ_WEST,LZEW,56.48
2024-12-06,9,2,LZ_WEST,LZEW,46.11
2024-12-06,9,3,LZ_WEST,LZEW,32.48
2024-12-06,9,4,LZ_WEST,LZEW,33.35
2024-12-06,10,1,LZ_WEST,LZEW,42.91
2024-12-06,10,2,LZ_WEST,LZEW,39.35
2024-12-06,10,3,LZ_WEST,LZEW,38.89
2024-12-06,10,4,LZ_WEST,LZEW,37.68
2024-12-06,11,1,LZ_WEST,LZEW,46.81
2024-12-06,11,2,LZ_WEST,LZEW,41.28
2024-12-06,11,3,LZ_WEST,LZEW,33.79
2024-12-06,11,4,LZ_WEST,LZEW,31.07
2024-12-06,12,1,LZ_WEST,LZEW,27.57
2024-12-06,12,2,LZ_WEST,LZEW,27.61
2024-12-06,12,3,LZ_WEST,LZEW,28.05
2024-12-06,12,4,LZ_WEST,LZEW,26.98
2024-12-06,13,1,LZ_WEST,LZEW,25.37
2024-12-06,13,2,LZ_WEST,LZEW,25.21
2024-12-06,13,3,LZ_WEST,LZEW,26.28
2024-12-06,13,4,LZ_WEST,LZEW,23.85
2024-12-06,14,1,LZ_WEST,LZEW,24.06
2024-12-06,14,2,LZ_WEST,LZEW,24.07
2024-12-06,14,3,LZ_WEST,LZEW,25.56
2024-12-06,14,4,LZ_WEST,LZEW,27.81
2024-12-06,15,1,LZ_WEST,LZEW,31.68
2024-12-06,15,2,LZ_WEST,LZEW,33.56
2024-12-06,15,3,LZ_WEST,LZEW,37.91
2024-12-06,15,4,LZ_WEST,LZEW,39.15
2024-12-06,16,1,LZ_WEST,LZEW,42.08
2024-12-06,16,2,LZ_WEST,LZEW,52.62
2024-12-06,16,3,LZ_WEST,LZEW,69.43
2024-12-06,16,4,LZ_WEST,LZEW,67.44
2024-12-06,17,1,LZ_WEST,LZEW,63.93
2024-12-06,17,2,LZ_WEST,LZEW,55.44
2024-12-06,17,3,LZ_WEST,LZEW,68.58
2024-12-06,17,4,LZ_WEST,LZEW,57.76
2024-12-06,18,1,LZ_WEST,LZEW,44.24
2024-12-06,18,2,LZ_WEST,LZEW,52.84
2024-12-06,18,3,LZ_WEST,LZEW,56.38
2024-12-06,18,4,LZ_WEST,LZEW,48.13
2024-12-06,19,1,LZ_WEST,LZEW,36.94
2024-12-06,19,2,LZ_WEST,LZEW,38.67
2024-12-06,19,3,LZ_WEST,LZEW,40.74
2024-12-06,19,4,LZ_WEST,LZEW,41.04
2024-12-06,20,1,LZ_WEST,LZEW,42.19
2024-12-06,20,2,LZ_WEST,LZEW,47.25
2024-12-06,20,3,LZ_WEST,LZEW,47.35
2024-12-06,20,4,LZ_WEST,LZEW,53.14
2024-12-06,21,1,LZ_WEST,LZEW,52.70
2024-12-06,21,2,LZ_WEST,LZEW,52.64
2024-12-06,21,3,LZ_WEST,LZEW,49.57
2024-12-06,21,4,LZ_WEST,LZEW,47.82
2024-12-06,22,1,LZ_WEST,LZEW,46.67
2024-12-06,22,2,LZ_WEST,LZEW,45.63
2024-12-06,22,3,LZ_WEST,LZEW,45.93
2024-12-06,22,4,LZ_WEST,LZEW,46.67
2024-12-06,23,1,LZ_WEST,LZEW,45.35
2024-12-06,23,2,LZ_WEST,LZEW,46.69
2024-12-06,23,3,LZ_WEST,LZEW,44.93
2024-12-06,23,4,LZ_WEST,LZEW,48.28
2024-12-06,24,1,LZ_WEST,LZEW,46.72
2024-12-06,24,2,LZ_WEST,LZEW,53.89
2024-12-06,24,3,LZ_WEST,LZEW,58.85
2024-12-06,24,4,LZ_WEST,LZEW,55.42
2024-12-07,1,1,LZ_WEST,LZEW,57.06
2024-12-07,1,2,LZ_WEST,LZEW,58.01
2024-12-07,1,3,LZ_WEST,LZEW,62.93
2024-12-07,1,4,LZ_WEST,LZEW,61.46
2024-12-07,2,1,LZ_WEST,LZEW,61.18
2024-12-07,2,2,LZ_WEST,LZEW,62.40
2024-12-07,2,3,LZ_WEST,LZEW,62.61
2024-12-07,2,4,LZ_WEST,LZEW,62.68
2024-12-07,3,1,LZ_WEST,LZEW,63.50
2024-12-07,3,2,LZ_WEST,LZEW,62.59
2024-12-07,3,3,LZ_WEST,LZEW,59.52
2024-12-07,3,4,LZ_WEST,LZEW,63.41
2024-12-07,4,1,LZ_WEST,LZEW,62.41
2024-12-07,4,2,LZ_WEST,LZEW,63.18
2024-12-07,4,3,LZ_WEST,LZEW,62.23
2024-12-07,4,4,LZ_WEST,LZEW,63.12
2024-12-07,5,1,LZ_WEST,LZEW,65.74
2024-12-07,5,2,LZ_WEST,LZEW,66.91
2024-12-07,5,3,LZ_WEST,LZEW,67.13
2024-12-07,5,4,LZ_WEST,LZEW,67.60
2024-12-07,6,1,LZ_WEST,LZEW,67.03
2024-12-07,6,2,LZ_WEST,LZEW,65.68
2024-12-07,6,3,LZ_WEST,LZEW,62.91
2024-12-07,6,4,LZ_WEST,LZEW,58.99
2024-12-07,7,1,LZ_WEST,LZEW,47.55
2024-12-07,7,2,LZ_WEST,LZEW,49.12
2024-12-07,7,3,LZ_WEST,LZEW,45.31
2024-12-07,7,4,LZ_WEST,LZEW,47.04
2024-12-07,8,1,LZ_WEST,LZEW,55.69
2024-12-07,8,2,LZ_WEST,LZEW,60.16
2024-12-07,8,3,LZ_WEST,LZEW,57.76
2024-12-07,8,4,LZ_WEST,LZEW,66.99
2024-12-07,9,1,LZ_WEST,LZEW,55.12
2024-12-07,9,2,LZ_WEST,LZEW,52.50
2024-12-07,9,3,LZ_WEST,LZEW,50.39
2024-12-07,9,4,LZ_WEST,LZEW,56.25
2024-12-07,10,1,LZ_WEST,LZEW,50.37
2024-12-07,10,2,LZ_WEST,LZEW,52.15
2024-12-07,10,3,LZ_WEST,LZEW,54.67
2024-12-07,10,4,LZ_WEST,LZEW,48.28
2024-12-07,11,1,LZ_WEST,LZEW,44.91
2024-12-07,11,2,LZ_WEST,LZEW,39.51
2024-12-07,11,3,LZ_WEST,LZEW,39.52
2024-12-07,11,4,LZ_WEST,LZEW,44.04
2024-12-07,12,1,LZ_WEST,LZEW,41.73
2024-12-07,12,2,LZ_WEST,LZEW,42.72
2024-12-07,12,3,LZ_WEST,LZEW,42.04
2024-12-07,12,4,LZ_WEST,LZEW,37.07
2024-12-07,13,1,LZ_WEST,LZEW,33.60
2024-12-07,13,2,LZ_WEST,LZEW,30.73
2024-12-07,13,3,LZ_WEST,LZEW,31.46
2024-12-07,13,4,LZ_WEST,LZEW,32.48
2024-12-07,14,1,LZ_WEST,LZEW,32.37
2024-12-07,14,2,LZ_WEST,LZEW,32.56
2024-12-07,14,3,LZ_WEST,LZEW,35.24
2024-12-07,14,4,LZ_WEST,LZEW,36.39
2024-12-07,15,1,LZ_WEST,LZEW,43.07
2024-12-07,15,2,LZ_WEST,LZEW,44.56
2024-12-07,15,3,LZ_WEST,LZEW,43.66
2024-12-07,15,4,LZ_WEST,LZEW,41.75
2024-12-07,16,1,LZ_WEST,LZEW,45.21
2024-12-07,16,2,LZ_WEST,LZEW,46.89
2024-12-07,16,3,LZ_WEST,LZEW,45.66
2024-12-07,16,4,LZ_WEST,LZEW,45.70
2024-12-07,17,1,LZ_WEST,LZEW,45.91
2024-12-07,17,2,LZ_WEST,LZEW,48.66
2024-12-07,17,3,LZ_WEST,LZEW,49.30
2024-12-07,17,4,LZ_WEST,LZEW,59.57
2024-12-07,18,1,LZ_WEST,LZEW,57.14
2024-12-07,18,2,LZ_WEST,LZEW,74.82
2024-12-07,18,3,LZ_WEST,LZEW,90.17
2024-12-07,18,4,LZ_WEST,LZEW,75.22
2024-12-07,19,1,LZ_WEST,LZEW,72.96
2024-12-07,19,2,LZ_WEST,LZEW,68.44
2024-12-07,19,3,LZ_WEST,LZEW,63.78
2024-12-07,19,4,LZ_WEST,LZEW,71.91
2024-12-07,20,1,LZ_WEST,LZEW,74.86
2024-12-07,20,2,LZ_WEST,LZEW,72.93
2024-12-07,20,3,LZ_WEST,LZEW,52.65
2024-12-07,20,4,LZ_WEST,LZEW,46.34
2024-12-07,21,1,LZ_WEST,LZEW,49.77
2024-12-07,21,2,LZ_WEST,LZEW,50.05
2024-12-07,21,3,LZ_WEST,LZEW,54.77
2024-12-07,21,4,LZ_WEST,LZEW,50.97
2024-12-07,22,1,LZ_WEST,LZEW,43.97
2024-12-07,22,2,LZ_WEST,LZEW,45.17
2024-12-07,22,3,LZ_WEST,LZEW,46.26
2024-12-07,22,4,LZ_WEST,LZEW,55.87
2024-12-07,23,1,LZ_WEST,LZEW,59.65
2024-12-07,23,2,LZ_WEST,LZEW,62.96
2024-12-07,23,3,LZ_WEST,LZEW,58.97
2024-12-07,23,4,LZ_WEST,LZEW,57.58
2024-12-07,24,1,LZ_WEST,LZEW,60.06
2024-12-07,24,2,LZ_WEST,LZEW,62.86
2024-12-07,24,3,LZ_WEST,LZEW,61.17
2024-12-07,24,4,LZ_WEST,LZEW,65.90
2024-12-08,1,1,LZ_WEST,LZEW,64.53
2024-12-08,1,2,LZ_WEST,LZEW,70.44
2024-12-08,1,3,LZ_WEST,LZEW,62
2024-12-08,1,4,LZ_WEST,LZEW,54.61
2024-12-08,2,1,LZ_WEST,LZEW,56.82
2024-12-08,2,2,LZ_WEST,LZEW,47.08
2024-12-08,2,3,LZ_WEST,LZEW,39.14
2024-12-08,2,4,LZ_WEST,LZEW,35.71
2024-12-08,3,1,LZ_WEST,LZEW,38.66
2024-12-08,3,2,LZ_WEST,LZEW,31.90
2024-12-08,3,3,LZ_WEST,LZEW,34.62
2024-12-08,3,4,LZ_WEST,LZEW,35.22
2024-12-08,4,1,LZ_WEST,LZEW,48.61
2024-12-08,4,2,LZ_WEST,LZEW,52.37
2024-12-08,4,3,LZ_WEST,LZEW,52.40
2024-12-08,4,4,LZ_WEST,LZEW,54.86
2024-12-08,5,1,LZ_WEST,LZEW,55.10
2024-12-08,5,2,LZ_WEST,LZEW,49.48
2024-12-08,5,3,LZ_WEST,LZEW,51.68
2024-12-08,5,4,LZ_WEST,LZEW,51.77
2024-12-08,6,1,LZ_WEST,LZEW,67.84
2024-12-08,6,2,LZ_WEST,LZEW,57.79
2024-12-08,6,3,LZ_WEST,LZEW,48.76
2024-12-08,6,4,LZ_WEST,LZEW,35.27
2024-12-08,7,1,LZ_WEST,LZEW,34.39
2024-12-08,7,2,LZ_WEST,LZEW,42.53
2024-12-08,7,3,LZ_WEST,LZEW,60.61
2024-12-08,7,4,LZ_WEST,LZEW,72.57
2024-12-08,8,1,LZ_WEST,LZEW,83.33
2024-12-08,8,2,LZ_WEST,LZEW,65.67
2024-12-08,8,3,LZ_WEST,LZEW,78.62
2024-12-08,8,4,LZ_WEST,LZEW,98.80
2024-12-08,9,1,LZ_WEST,LZEW,68.87
2024-12-08,9,2,LZ_WEST,LZEW,38.05
2024-12-08,9,3,LZ_WEST,LZEW,31.83
2024-12-08,9,4,LZ_WEST,LZEW,24.22
2024-12-08,10,1,LZ_WEST,LZEW,25.06
2024-12-08,10,2,LZ_WEST,LZEW,24.91
2024-12-08,10,3,LZ_WEST,LZEW,25.27
2024-12-08,10,4,LZ_WEST,LZEW,24.68
2024-12-08,11,1,LZ_WEST,LZEW,24.32
2024-12-08,11,2,LZ_WEST,LZEW,23.57
2024-12-08,11,3,LZ_WEST,LZEW,22.74
2024-12-08,11,4,LZ_WEST,LZEW,20.66
2024-12-08,12,1,LZ_WEST,LZEW,15.82
2024-12-08,12,2,LZ_WEST,LZEW,11.87
2024-12-08,12,3,LZ_WEST,LZEW,17.08
2024-12-08,12,4,LZ_WEST,LZEW,14.10
2024-12-08,13,1,LZ_WEST,LZEW,17.38
2024-12-08,13,2,LZ_WEST,LZEW,17.75
2024-12-08,13,3,LZ_WEST,LZEW,13.13
2024-12-08,13,4,LZ_WEST,LZEW,13.05
2024-12-08,14,1,LZ_WEST,LZEW,13.11
2024-12-08,14,2,LZ_WEST,LZEW,13.04
2024-12-08,14,3,LZ_WEST,LZEW,13.93
2024-12-08,14,4,LZ_WEST,LZEW,11.97
2024-12-08,15,1,LZ_WEST,LZEW,7.78
2024-12-08,15,2,LZ_WEST,LZEW,6.04
2024-12-08,15,3,LZ_WEST,LZEW,7.85
2024-12-08,15,4,LZ_WEST,LZEW,4.22
2024-12-08,16,1,LZ_WEST,LZEW,0.53
2024-12-08,16,2,LZ_WEST,LZEW,0.97
2024-12-08,16,3,LZ_WEST,LZEW,0.49
2024-12-08,16,4,LZ_WEST,LZEW,-0.04
2024-12-08,17,1,LZ_WEST,LZEW,-0.20
2024-12-08,17,2,LZ_WEST,LZEW,1.05
2024-12-08,17,3,LZ_WEST,LZEW,9.76
2024-12-08,17,4,LZ_WEST,LZEW,31.01
2024-12-08,18,1,LZ_WEST,LZEW,45.28
2024-12-08,18,2,LZ_WEST,LZEW,52.44
2024-12-08,18,3,LZ_WEST,LZEW,62.55
2024-12-08,18,4,LZ_WEST,LZEW,73.03
2024-12-08,19,1,LZ_WEST,LZEW,64.85
2024-12-08,19,2,LZ_WEST,LZEW,66.96
2024-12-08,19,3,LZ_WEST,LZEW,69.55
2024-12-08,19,4,LZ_WEST,LZEW,72.70
2024-12-08,20,1,LZ_WEST,LZEW,69.36
2024-12-08,20,2,LZ_WEST,LZEW,61.24
2024-12-08,20,3,LZ_WEST,LZEW,61.75
2024-12-08,20,4,LZ_WEST,LZEW,63.55
2024-12-08,21,1,LZ_WEST,LZEW,70.77
2024-12-08,21,2,LZ_WEST,LZEW,67.57
2024-12-08,21,3,LZ_WEST,LZEW,69.19
2024-12-08,21,4,LZ_WEST,LZEW,69.81
2024-12-08,22,1,LZ_WEST,LZEW,71.67
2024-12-08,22,2,LZ_WEST,LZEW,69.86
2024-12-08,22,3,LZ_WEST,LZEW,59.85
2024-12-08,22,4,LZ_WEST,LZEW,55.42
2024-12-08,23,1,LZ_WEST,LZEW,67.71
2024-12-08,23,2,LZ_WEST,LZEW,69.06
2024-12-08,23,3,LZ_WEST,LZEW,71.72
2024-12-08,23,4,LZ_WEST,LZEW,74.56
2024-12-08,24,1,LZ_WEST,LZEW,51.98
2024-12-08,24,2,LZ_WEST,LZEW,47.95
2024-12-08,24,3,LZ_WEST,LZEW,46.41
2024-12-08,24,4,LZ_WEST,LZEW,41.49
2024-12-09,1,1,LZ_WEST,LZEW,47.87
2024-12-09,1,2,LZ_WEST,LZEW,65.05
2024-12-09,1,3,LZ_WEST,LZEW,65.69
2024-12-09,1,4,LZ_WEST,LZEW,57.19
2024-12-09,2,1,LZ_WEST,LZEW,60.41
2024-12-09,2,2,LZ_WEST,LZEW,53.43
2024-12-09,2,3,LZ_WEST,LZEW,56.85
2024-12-09,2,4,LZ_WEST,LZEW,59.04
2024-12-09,3,1,LZ_WEST,LZEW,54.19
2024-12-09,3,2,LZ_WEST,LZEW,41.36
2024-12-09,3,3,LZ_WEST,LZEW,41.92
2024-12-09,3,4,LZ_WEST,LZEW,51.56
2024-12-09,4,1,LZ_WEST,LZEW,63.66
2024-12-09,4,2,LZ_WEST,LZEW,75.16
2024-12-09,4,3,LZ_WEST,LZEW,54.57
2024-12-09,4,4,LZ_WEST,LZEW,51.41
2024-12-09,5,1,LZ_WEST,LZEW,57.91
2024-12-09,5,2,LZ_WEST,LZEW,54.18
2024-12-09,5,3,LZ_WEST,LZEW,43.41
2024-12-09,5,4,LZ_WEST,LZEW,40.47
2024-12-09,6,1,LZ_WEST,LZEW,38.76
2024-12-09,6,2,LZ_WEST,LZEW,38.16
2024-12-09,6,3,LZ_WEST,LZEW,37.92
2024-12-09,6,4,LZ_WEST,LZEW,39.79
2024-12-09,7,1,LZ_WEST,LZEW,38.35
2024-12-09,7,2,LZ_WEST,LZEW,37.23
2024-12-09,7,3,LZ_WEST,LZEW,30.84
2024-12-09,7,4,LZ_WEST,LZEW,31.68
2024-12-09,8,1,LZ_WEST,LZEW,32.61
2024-12-09,8,2,LZ_WEST,LZEW,32.78
2024-12-09,8,3,LZ_WEST,LZEW,32.44
2024-12-09,8,4,LZ_WEST,LZEW,43.25
2024-12-09,9,1,LZ_WEST,LZEW,51.34
2024-12-09,9,2,LZ_WEST,LZEW,31.78
2024-12-09,9,3,LZ_WEST,LZEW,22.80
2024-12-09,9,4,LZ_WEST,LZEW,22.69
2024-12-09,10,1,LZ_WEST,LZEW,18.60
2024-12-09,10,2,LZ_WEST,LZEW,18.40
2024-12-09,10,3,LZ_WEST,LZEW,18.61
2024-12-09,10,4,LZ_WEST,LZEW,18.93
2024-12-09,11,1,LZ_WEST,LZEW,18.54
2024-12-09,11,2,LZ_WEST,LZEW,18.31
2024-12-09,11,3,LZ_WEST,LZEW,17.47
2024-12-09,11,4,LZ_WEST,LZEW,15.77
2024-12-09,12,1,LZ_WEST,LZEW,13.45
2024-12-09,12,2,LZ_WEST,LZEW,9.90
2024-12-09,12,3,LZ_WEST,LZEW,9.05
2024-12-09,12,4,LZ_WEST,LZEW,7.80
2024-12-09,13,1,LZ_WEST,LZEW,4.89
2024-12-09,13,2,LZ_WEST,LZEW,3.30
2024-12-09,13,3,LZ_WEST,LZEW,3.12
2024-12-09,13,4,LZ_WEST,LZEW,3.50
2024-12-09,14,1,LZ_WEST,LZEW,-0.06
2024-12-09,14,2,LZ_WEST,LZEW,-0.17
2024-12-09,14,3,LZ_WEST,LZEW,-0.18
2024-12-09,14,4,LZ_WEST,LZEW,-0.18
2024-12-09,15,1,LZ_WEST,LZEW,-0.28
2024-12-09,15,2,LZ_WEST,LZEW,-0.52
2024-12-09,15,3,LZ_WEST,LZEW,0
2024-12-09,15,4,LZ_WEST,LZEW,0
2024-12-09,16,1,LZ_WEST,LZEW,0
2024-12-09,16,2,LZ_WEST,LZEW,0
2024-12-09,16,3,LZ_WEST,LZEW,0
2024-12-09,16,4,LZ_WEST,LZEW,0
2024-12-09,17,1,LZ_WEST,LZEW,6.01
2024-12-09,17,2,LZ_WEST,LZEW,16.61
2024-12-09,17,3,LZ_WEST,LZEW,24.90
2024-12-09,17,4,LZ_WEST,LZEW,28.70
2024-12-09,18,1,LZ_WEST,LZEW,43.18
2024-12-09,18,2,LZ_WEST,LZEW,74.56
2024-12-09,18,3,LZ_WEST,LZEW,84.27
2024-12-09,18,4,LZ_WEST,LZEW,83.04
2024-12-09,19,1,LZ_WEST,LZEW,81.48
2024-12-09,19,2,LZ_WEST,LZEW,77.61
2024-12-09,19,3,LZ_WEST,LZEW,81.56
2024-12-09,19,4,LZ_WEST,LZEW,82.72
2024-12-09,20,1,LZ_WEST,LZEW,88.51
2024-12-09,20,2,LZ_WEST,LZEW,86.10
2024-12-09,20,3,LZ_WEST,LZEW,96.62
2024-12-09,20,4,LZ_WEST,LZEW,97.43
2024-12-09,21,1,LZ_WEST,LZEW,112.27
2024-12-09,21,2,LZ_WEST,LZEW,95.60
2024-12-09,21,3,LZ_WEST,LZEW,94.66
2024-12-09,21,4,LZ_WEST,LZEW,100.63
2024-12-09,22,1,LZ_WEST,LZEW,97.01
2024-12-09,22,2,LZ_WEST,LZEW,86.14
2024-12-09,22,3,LZ_WEST,LZEW,82.38
2024-12-09,22,4,LZ_WEST,LZEW,89.72
2024-12-09,23,1,LZ_WEST,LZEW,76.87
2024-12-09,23,2,LZ_WEST,LZEW,79.53
2024-12-09,23,3,LZ_WEST,LZEW,62
2024-12-09,23,4,LZ_WEST,LZEW,74.28
2024-12-09,24,1,LZ_WEST,LZEW,81.09
2024-12-09,24,2,LZ_WEST,LZEW,56.32
2024-12-09,24,3,LZ_WEST,LZEW,63.56
2024-12-09,24,4,LZ_WEST,LZEW,65.28
2024-12-10,1,1,LZ_WEST,LZEW,62.99
2024-12-10,1,2,LZ_WEST,LZEW,67.39
2024-12-10,1,3,LZ_WEST,LZEW,74.13
2024-12-10,1,4,LZ_WEST,LZEW,76.42
2024-12-10,2,1,LZ_WEST,LZEW,66.67
2024-12-10,2,2,LZ_WEST,LZEW,62.47
2024-12-10,2,3,LZ_WEST,LZEW,53.68
2024-12-10,2,4,LZ_WEST,LZEW,67.55
2024-12-10,3,1,LZ_WEST,LZEW,66.35
2024-12-10,3,2,LZ_WEST,LZEW,62.15
2024-12-10,3,3,LZ_WEST,LZEW,56.28
2024-12-10,3,4,LZ_WEST,LZEW,56.83
2024-12-10,4,1,LZ_WEST,LZEW,63.86
2024-12-10,4,2,LZ_WEST,LZEW,64.98
2024-12-10,4,3,LZ_WEST,LZEW,58.64
2024-12-10,4,4,LZ_WEST,LZEW,69.69
2024-12-10,5,1,LZ_WEST,LZEW,69.09
2024-12-10,5,2,LZ_WEST,LZEW,53.79
2024-12-10,5,3,LZ_WEST,LZEW,64
2024-12-10,5,4,LZ_WEST,LZEW,66.49
2024-12-10,6,1,LZ_WEST,LZEW,61.95
2024-12-10,6,2,LZ_WEST,LZEW,54.74
2024-12-10,6,3,LZ_WEST,LZEW,49.79
2024-12-10,6,4,LZ_WEST,LZEW,52.33
2024-12-10,7,1,LZ_WEST,LZEW,45.97
2024-12-10,7,2,LZ_WEST,LZEW,39.11
2024-12-10,7,3,LZ_WEST,LZEW,28.78
2024-12-10,7,4,LZ_WEST,LZEW,31.55
2024-12-10,8,1,LZ_WEST,LZEW,43.77
2024-12-10,8,2,LZ_WEST,LZEW,37.88
2024-12-10,8,3,LZ_WEST,LZEW,32.32
2024-12-10,8,4,LZ_WEST,LZEW,35.49
2024-12-10,9,1,LZ_WEST,LZEW,33.17
2024-12-10,9,2,LZ_WEST,LZEW,20.37
2024-12-10,9,3,LZ_WEST,LZEW,16.70
2024-12-10,9,4,LZ_WEST,LZEW,17.13
2024-12-10,10,1,LZ_WEST,LZEW,60.55
2024-12-10,10,2,LZ_WEST,LZEW,60.79
2024-12-10,10,3,LZ_WEST,LZEW,50.74
2024-12-10,10,4,LZ_WEST,LZEW,53.65
2024-12-10,11,1,LZ_WEST,LZEW,48.69
2024-12-10,11,2,LZ_WEST,LZEW,13.99
2024-12-10,11,3,LZ_WEST,LZEW,12.51
2024-12-10,11,4,LZ_WEST,LZEW,9.77
2024-12-10,12,1,LZ_WEST,LZEW,7.18
2024-12-10,12,2,LZ_WEST,LZEW,2.48
2024-12-10,12,3,LZ_WEST,LZEW,0.54
2024-12-10,12,4,LZ_WEST,LZEW,0.11
2024-12-10,13,1,LZ_WEST,LZEW,0.22
2024-12-10,13,2,LZ_WEST,LZEW,-0.05
2024-12-10,13,3,LZ_WEST,LZEW,-0.38
2024-12-10,13,4,LZ_WEST,LZEW,-0.42
2024-12-10,14,1,LZ_WEST,LZEW,-0.88
2024-12-10,14,2,LZ_WEST,LZEW,-1.09
2024-12-10,14,3,LZ_WEST,LZEW,-0.99
2024-12-10,14,4,LZ_WEST,LZEW,-1.45
2024-12-10,15,1,LZ_WEST,LZEW,-1.62
2024-12-10,15,2,LZ_WEST,LZEW,-1.52
2024-12-10,15,3,LZ_WEST,LZEW,-1.53
2024-12-10,15,4,LZ_WEST,LZEW,-1.27
2024-12-10,16,1,LZ_WEST,LZEW,-1.61
2024-12-10,16,2,LZ_WEST,LZEW,-1.91
2024-12-10,16,3,LZ_WEST,LZEW,-2.12
2024-12-10,16,4,LZ_WEST,LZEW,-2.47
2024-12-10,17,1,LZ_WEST,LZEW,-2.21
2024-12-10,17,2,LZ_WEST,LZEW,0.68
2024-12-10,17,3,LZ_WEST,LZEW,10
2024-12-10,17,4,LZ_WEST,LZEW,18.56
2024-12-10,18,1,LZ_WEST,LZEW,26.66
2024-12-10,18,2,LZ_WEST,LZEW,33.37
2024-12-10,18,3,LZ_WEST,LZEW,41.61
2024-12-10,18,4,LZ_WEST,LZEW,40.52
2024-12-10,19,1,LZ_WEST,LZEW,28.92
2024-12-10,19,2,LZ_WEST,LZEW,30.67
2024-12-10,19,3,LZ_WEST,LZEW,32.35
2024-12-10,19,4,LZ_WEST,LZEW,38.94
2024-12-10,20,1,LZ_WEST,LZEW,57.02
2024-12-10,20,2,LZ_WEST,LZEW,58.43
2024-12-10,20,3,LZ_WEST,LZEW,58.74
2024-12-10,20,4,LZ_WEST,LZEW,58.93
2024-12-10,21,1,LZ_WEST,LZEW,60.32
2024-12-10,21,2,LZ_WEST,LZEW,65.80
2024-12-10,21,3,LZ_WEST,LZEW,67.94
2024-12-10,21,4,LZ_WEST,LZEW,69.09
2024-12-10,22,1,LZ_WEST,LZEW,72.66
2024-12-10,22,2,LZ_WEST,LZEW,69.32
2024-12-10,22,3,LZ_WEST,LZEW,71.89
2024-12-10,22,4,LZ_WEST,LZEW,71.44
2024-12-10,23,1,LZ_WEST,LZEW,71.75
2024-12-10,23,2,LZ_WEST,LZEW,72.65
2024-12-10,23,3,LZ_WEST,LZEW,71.53
2024-12-10,23,4,LZ_WEST,LZEW,76.33
2024-12-10,24,1,LZ_WEST,LZEW,76.53
2024-12-10,24,2,LZ_WEST,LZEW,71.19
2024-12-10,24,3,LZ_WEST,LZEW,80.05
2024-12-10,24,4,LZ_WEST,LZEW,73.65
2024-12-11,1,1,LZ_WEST,LZEW,75.45
2024-12-11,1,2,LZ_WEST,LZEW,85.90
2024-12-11,1,3,LZ_WEST,LZEW,76.55
2024-12-11,1,4,LZ_WEST,LZEW,75.56
2024-12-11,2,1,LZ_WEST,LZEW,77.91
2024-12-11,2,2,LZ_WEST,LZEW,86.41
2024-12-11,2,3,LZ_WEST,LZEW,98.22
2024-12-11,2,4,LZ_WEST,LZEW,89.02
2024-12-11,3,1,LZ_WEST,LZEW,100.17
2024-12-11,3,2,LZ_WEST,LZEW,89.01
2024-12-11,3,3,LZ_WEST,LZEW,55.54
2024-12-11,3,4,LZ_WEST,LZEW,100.72
2024-12-11,4,1,LZ_WEST,LZEW,62.65
2024-12-11,4,2,LZ_WEST,LZEW,69.01
2024-12-11,4,3,LZ_WEST,LZEW,72.72
2024-12-11,4,4,LZ_WEST,LZEW,91.14
2024-12-11,5,1,LZ_WEST,LZEW,80.39
2024-12-11,5,2,LZ_WEST,LZEW,84.14
2024-12-11,5,3,LZ_WEST,LZEW,101.34
2024-12-11,5,4,LZ_WEST,LZEW,97.69
2024-12-11,6,1,LZ_WEST,LZEW,70.86
2024-12-11,6,2,LZ_WEST,LZEW,99.45
2024-12-11,6,3,LZ_WEST,LZEW,99.87
2024-12-11,6,4,LZ_WEST,LZEW,119.01
2024-12-11,7,1,LZ_WEST,LZEW,120.56
2024-12-11,7,2,LZ_WEST,LZEW,83.62
2024-12-11,7,3,LZ_WEST,LZEW,55.85
2024-12-11,7,4,LZ_WEST,LZEW,51.60
2024-12-11,8,1,LZ_WEST,LZEW,57.78
2024-12-11,8,2,LZ_WEST,LZEW,54.04
2024-12-11,8,3,LZ_WEST,LZEW,52.24
2024-12-11,8,4,LZ_WEST,LZEW,46.58
2024-12-11,9,1,LZ_WEST,LZEW,38.60
2024-12-11,9,2,LZ_WEST,LZEW,29.07
2024-12-11,9,3,LZ_WEST,LZEW,18.43
2024-12-11,9,4,LZ_WEST,LZEW,13.12
2024-12-11,10,1,LZ_WEST,LZEW,14.59
2024-12-11,10,2,LZ_WEST,LZEW,12.83
2024-12-11,10,3,LZ_WEST,LZEW,13.68
2024-12-11,10,4,LZ_WEST,LZEW,15.12
2024-12-11,11,1,LZ_WEST,LZEW,15.17
2024-12-11,11,2,LZ_WEST,LZEW,13.72
2024-12-11,11,3,LZ_WEST,LZEW,14.68
2024-12-11,11,4,LZ_WEST,LZEW,14.85
2024-12-11,12,1,LZ_WEST,LZEW,13.93
2024-12-11,12,2,LZ_WEST,LZEW,12.01
2024-12-11,12,3,LZ_WEST,LZEW,11.44
2024-12-11,12,4,LZ_WEST,LZEW,11.24
2024-12-11,13,1,LZ_WEST,LZEW,7.72
2024-12-11,13,2,LZ_WEST,LZEW,1.72
2024-12-11,13,3,LZ_WEST,LZEW,0.33
2024-12-11,13,4,LZ_WEST,LZEW,0.24
2024-12-11,14,1,LZ_WEST,LZEW,0.25
2024-12-11,14,2,LZ_WEST,LZEW,0.07
2024-12-11,14,3,LZ_WEST,LZEW,0
2024-12-11,14,4,LZ_WEST,LZEW,0.02
2024-12-11,15,1,LZ_WEST,LZEW,0.03
2024-12-11,15,2,LZ_WEST,LZEW,-0.03
2024-12-11,15,3,LZ_WEST,LZEW,-0.04
2024-12-11,15,4,LZ_WEST,LZEW,-0.06
2024-12-11,16,1,LZ_WEST,LZEW,-0.12
2024-12-11,16,2,LZ_WEST,LZEW,-0.04
2024-12-11,16,3,LZ_WEST,LZEW,-0.07
2024-12-11,16,4,LZ_WEST,LZEW,-0.03
2024-12-11,17,1,LZ_WEST,LZEW,1.16
2024-12-11,17,2,LZ_WEST,LZEW,14.41
2024-12-11,17,3,LZ_WEST,LZEW,21.55
2024-12-11,17,4,LZ_WEST,LZEW,29.07
2024-12-11,18,1,LZ_WEST,LZEW,26.66
2024-12-11,18,2,LZ_WEST,LZEW,28.61
2024-12-11,18,3,LZ_WEST,LZEW,29.01
2024-12-11,18,4,LZ_WEST,LZEW,31.43
2024-12-11,19,1,LZ_WEST,LZEW,43.41
2024-12-11,19,2,LZ_WEST,LZEW,45.78
2024-12-11,19,3,LZ_WEST,LZEW,43.05
2024-12-11,19,4,LZ_WEST,LZEW,39.85
2024-12-11,20,1,LZ_WEST,LZEW,33.01
2024-12-11,20,2,LZ_WEST,LZEW,32.46
2024-12-11,20,3,LZ_WEST,LZEW,32.21
2024-12-11,20,4,LZ_WEST,LZEW,31.35
2024-12-11,21,1,LZ_WEST,LZEW,22.62
2024-12-11,21,2,LZ_WEST,LZEW,19.47
2024-12-11,21,3,LZ_WEST,LZEW,18.76
2024-12-11,21,4,LZ_WEST,LZEW,16.14
2024-12-11,22,1,LZ_WEST,LZEW,14.87
2024-12-11,22,2,LZ_WEST,LZEW,14.04
2024-12-11,22,3,LZ_WEST,LZEW,14.05
2024-12-11,22,4,LZ_WEST,LZEW,12.03
2024-12-11,23,1,LZ_WEST,LZEW,11.92
2024-12-11,23,2,LZ_WEST,LZEW,10.05
2024-12-11,23,3,LZ_WEST,LZEW,11.72
2024-12-11,23,4,LZ_WEST,LZEW,9.90
2024-12-11,24,1,LZ_WEST,LZEW,10.41
2024-12-11,24,2,LZ_WEST,LZEW,11.28
2024-12-11,24,3,LZ_WEST,LZEW,10.92
2024-12-11,24,4,LZ_WEST,LZEW,11.44
2024-12-12,1,1,LZ_WEST,LZEW,9.65
2024-12-12,1,2,LZ_WEST,LZEW,9.20
2024-12-12,1,3,LZ_WEST,LZEW,10.34
2024-12-12,1,4,LZ_WEST,LZEW,12.53
2024-12-12,2,1,LZ_WEST,LZEW,10.55
2024-12-12,2,2,LZ_WEST,LZEW,10.35
2024-12-12,2,3,LZ_WEST,LZEW,9.80
2024-12-12,2,4,LZ_WEST,LZEW,10.32
2024-12-12,3,1,LZ_WEST,LZEW,9.69
2024-12-12,3,2,LZ_WEST,LZEW,19.83
2024-12-12,3,3,LZ_WEST,LZEW,20.19
2024-12-12,3,4,LZ_WEST,LZEW,18.08
2024-12-12,4,1,LZ_WEST,LZEW,11.83
2024-12-12,4,2,LZ_WEST,LZEW,11.29
2024-12-12,4,3,LZ_WEST,LZEW,11.18
2024-12-12,4,4,LZ_WEST,LZEW,10.93
2024-12-12,5,1,LZ_WEST,LZEW,11.43
2024-12-12,5,2,LZ_WEST,LZEW,10.60
2024-12-12,5,3,LZ_WEST,LZEW,11.49
2024-12-12,5,4,LZ_WEST,LZEW,12.18
2024-12-12,6,1,LZ_WEST,LZEW,11.69
2024-12-12,6,2,LZ_WEST,LZEW,12.53
2024-12-12,6,3,LZ_WEST,LZEW,12.03
2024-12-12,6,4,LZ_WEST,LZEW,13.37
2024-12-12,7,1,LZ_WEST,LZEW,12.14
2024-12-12,7,2,LZ_WEST,LZEW,13.01
2024-12-12,7,3,LZ_WEST,LZEW,14.12
2024-12-12,7,4,LZ_WEST,LZEW,13.13
2024-12-12,8,1,LZ_WEST,LZEW,11.39
2024-12-12,8,2,LZ_WEST,LZEW,10.60
2024-12-12,8,3,LZ_WEST,LZEW,10.21
2024-12-12,8,4,LZ_WEST,LZEW,9.37
2024-12-12,9,1,LZ_WEST,LZEW,22.16
2024-12-12,9,2,LZ_WEST,LZEW,18.71
2024-12-12,9,3,LZ_WEST,LZEW,14.80
2024-12-12,9,4,LZ_WEST,LZEW,11.95
2024-12-12,10,1,LZ_WEST,LZEW,11.15
2024-12-12,10,2,LZ_WEST,LZEW,14.30
2024-12-12,10,3,LZ_WEST,LZEW,2.76
2024-12-12,10,4,LZ_WEST,LZEW,4.18
2024-12-12,11,1,LZ_WEST,LZEW,0.73
2024-12-12,11,2,LZ_WEST,LZEW,1.44
2024-12-12,11,3,LZ_WEST,LZEW,1.49
2024-12-12,11,4,LZ_WEST,LZEW,1.69
2024-12-12,12,1,LZ_WEST,LZEW,2.76
2024-12-12,12,2,LZ_WEST,LZEW,0.56
2024-12-12,12,3,LZ_WEST,LZEW,-0.77
2024-12-12,12,4,LZ_WEST,LZEW,-1.55
2024-12-12,13,1,LZ_WEST,LZEW,-0.68
2024-12-12,13,2,LZ_WEST,LZEW,-1
2024-12-12,13,3,LZ_WEST,LZEW,-1.08
2024-12-12,13,4,LZ_WEST,LZEW,-0.89
2024-12-12,14,1,LZ_WEST,LZEW,-0.40
2024-12-12,14,2,LZ_WEST,LZEW,1.10
2024-12-12,14,3,LZ_WEST,LZEW,2.92
2024-12-12,14,4,LZ_WEST,LZEW,5.84
2024-12-12,15,1,LZ_WEST,LZEW,2.88
2024-12-12,15,2,LZ_WEST,LZEW,3.54
2024-12-12,15,3,LZ_WEST,LZEW,10.77
2024-12-12,15,4,LZ_WEST,LZEW,6.88
2024-12-12,16,1,LZ_WEST,LZEW,22.73
2024-12-12,16,2,LZ_WEST,LZEW,31.43
2024-12-12,16,3,LZ_WEST,LZEW,37.77
2024-12-12,16,4,LZ_WEST,LZEW,37.22
2024-12-12,17,1,LZ_WEST,LZEW,25.57
2024-12-12,17,2,LZ_WEST,LZEW,27.18
2024-12-12,17,3,LZ_WEST,LZEW,40.37
2024-12-12,17,4,LZ_WEST,LZEW,35.22
2024-12-12,18,1,LZ_WEST,LZEW,29.09
2024-12-12,18,2,LZ_WEST,LZEW,30.21
2024-12-12,18,3,LZ_WEST,LZEW,31.88
2024-12-12,18,4,LZ_WEST,LZEW,32.47
2024-12-12,19,1,LZ_WEST,LZEW,33.62
2024-12-12,19,2,LZ_WEST,LZEW,34.04
2024-12-12,19,3,LZ_WEST,LZEW,33.09
2024-12-12,19,4,LZ_WEST,LZEW,32.85
2024-12-12,20,1,LZ_WEST,LZEW,33.59
2024-12-12,20,2,LZ_WEST,LZEW,33.28
2024-12-12,20,3,LZ_WEST,LZEW,34.03
2024-12-12,20,4,LZ_WEST,LZEW,33.28
2024-12-12,21,1,LZ_WEST,LZEW,33.78
2024-12-12,21,2,LZ_WEST,LZEW,34.80
2024-12-12,21,3,LZ_WEST,LZEW,35.63
2024-12-12,21,4,LZ_WEST,LZEW,32.39
2024-12-12,22,1,LZ_WEST,LZEW,24.04
2024-12-12,22,2,LZ_WEST,LZEW,21.21
2024-12-12,22,3,LZ_WEST,LZEW,24.37
2024-12-12,22,4,LZ_WEST,LZEW,25.65
2024-12-12,23,1,LZ_WEST,LZEW,26.70
2024-12-12,23,2,LZ_WEST,LZEW,24.14
2024-12-12,23,3,LZ_WEST,LZEW,20.66
2024-12-12,23,4,LZ_WEST,LZEW,22.96
2024-12-12,24,1,LZ_WEST,LZEW,23.21
2024-12-12,24,2,LZ_WEST,LZEW,23.70
2024-12-12,24,3,LZ_WEST,LZEW,26.40
2024-12-12,24,4,LZ_WEST,LZEW,25.74
2024-12-13,1,1,LZ_WEST,LZEW,23.64
2024-12-13,1,2,LZ_WEST,LZEW,21.99
2024-12-13,1,3,LZ_WEST,LZEW,22.96
2024-12-13,1,4,LZ_WEST,LZEW,23.52
2024-12-13,2,1,LZ_WEST,LZEW,31.86
2024-12-13,2,2,LZ_WEST,LZEW,29.96
2024-12-13,2,3,LZ_WEST,LZEW,26.23
2024-12-13,2,4,LZ_WEST,LZEW,28.15
2024-12-13,3,1,LZ_WEST,LZEW,25.38
2024-12-13,3,2,LZ_WEST,LZEW,25.25
2024-12-13,3,3,LZ_WEST,LZEW,26.92
2024-12-13,3,4,LZ_WEST,LZEW,44.35
2024-12-13,4,1,LZ_WEST,LZEW,48.27
2024-12-13,4,2,LZ_WEST,LZEW,47.88
2024-12-13,4,3,LZ_WEST,LZEW,41.49
2024-12-13,4,4,LZ_WEST,LZEW,51.78
2024-12-13,5,1,LZ_WEST,LZEW,50.76
2024-12-13,5,2,LZ_WEST,LZEW,48.81
2024-12-13,5,3,LZ_WEST,LZEW,60.55
2024-12-13,5,4,LZ_WEST,LZEW,57.79
2024-12-13,6,1,LZ_WEST,LZEW,49
2024-12-13,6,2,LZ_WEST,LZEW,46.98
2024-12-13,6,3,LZ_WEST,LZEW,43.80
2024-12-13,6,4,LZ_WEST,LZEW,36.15
2024-12-13,7,1,LZ_WEST,LZEW,39.38
2024-12-13,7,2,LZ_WEST,LZEW,38.34
2024-12-13,7,3,LZ_WEST,LZEW,39.95
2024-12-13,7,4,LZ_WEST,LZEW,46.23
2024-12-13,8,1,LZ_WEST,LZEW,57.45
2024-12-13,8,2,LZ_WEST,LZEW,49.22
2024-12-13,8,3,LZ_WEST,LZEW,74.52
2024-12-13,8,4,LZ_WEST,LZEW,30.66
2024-12-13,9,1,LZ_WEST,LZEW,41.64
2024-12-13,9,2,LZ_WEST,LZEW,29.99
2024-12-13,9,3,LZ_WEST,LZEW,10.29
2024-12-13,9,4,LZ_WEST,LZEW,1.79
2024-12-13,10,1,LZ_WEST,LZEW,0.99
2024-12-13,10,2,LZ_WEST,LZEW,0.47
2024-12-13,10,3,LZ_WEST,LZEW,2.28
2024-12-13,10,4,LZ_WEST,LZEW,0.85
2024-12-13,11,1,LZ_WEST,LZEW,0.95
2024-12-13,11,2,LZ_WEST,LZEW,1.19
2024-12-13,11,3,LZ_WEST,LZEW,0.53
2024-12-13,11,4,LZ_WEST,LZEW,1.18
2024-12-13,12,1,LZ_WEST,LZEW,1.30
2024-12-13,12,2,LZ_WEST,LZEW,0.35
2024-12-13,12,3,LZ_WEST,LZEW,0.99
2024-12-13,12,4,LZ_WEST,LZEW,0.74
2024-12-13,13,1,LZ_WEST,LZEW,1.54
2024-12-13,13,2,LZ_WEST,LZEW,1.10
2024-12-13,13,3,LZ_WEST,LZEW,0.98
2024-12-13,13,4,LZ_WEST,LZEW,0.76
2024-12-13,14,1,LZ_WEST,LZEW,0.93
2024-12-13,14,2,LZ_WEST,LZEW,0.65
2024-12-13,14,3,LZ_WEST,LZEW,0.34
2024-12-13,14,4,LZ_WEST,LZEW,0.37
2024-12-13,15,1,LZ_WEST,LZEW,0.33
2024-12-13,15,2,LZ_WEST,LZEW,0.47
2024-12-13,15,3,LZ_WEST,LZEW,0.54
2024-12-13,15,4,LZ_WEST,LZEW,1.54
2024-12-13,16,1,LZ_WEST,LZEW,1.08
2024-12-13,16,2,LZ_WEST,LZEW,1.12
2024-12-13,16,3,LZ_WEST,LZEW,1.79
2024-12-13,16,4,LZ_WEST,LZEW,3.94
2024-12-13,17,1,LZ_WEST,LZEW,20.97
2024-12-13,17,2,LZ_WEST,LZEW,29.76
2024-12-13,17,3,LZ_WEST,LZEW,43.30
2024-12-13,17,4,LZ_WEST,LZEW,55.04
2024-12-13,18,1,LZ_WEST,LZEW,56.72
2024-12-13,18,2,LZ_WEST,LZEW,58.49
2024-12-13,18,3,LZ_WEST,LZEW,61.99
2024-12-13,18,4,LZ_WEST,LZEW,63.97
2024-12-13,19,1,LZ_WEST,LZEW,67.85
2024-12-13,19,2,LZ_WEST,LZEW,60.97
2024-12-13,19,3,LZ_WEST,LZEW,57.42
2024-12-13,19,4,LZ_WEST,LZEW,60.53
2024-12-13,20,1,LZ_WEST,LZEW,41.11
2024-12-13,20,2,LZ_WEST,LZEW,38.34
2024-12-13,20,3,LZ_WEST,LZEW,43.65
2024-12-13,20,4,LZ_WEST,LZEW,41.61
2024-12-13,21,1,LZ_WEST,LZEW,56.69
2024-12-13,21,2,LZ_WEST,LZEW,55.69
2024-12-13,21,3,LZ_WEST,LZEW,45.94
2024-12-13,21,4,LZ_WEST,LZEW,58.78
2024-12-13,22,1,LZ_WEST,LZEW,58.16
2024-12-13,22,2,LZ_WEST,LZEW,59.04
2024-12-13,22,3,LZ_WEST,LZEW,57.80
2024-12-13,22,4,LZ_WEST,LZEW,63.50
2024-12-13,23,1,LZ_WEST,LZEW,66.29
2024-12-13,23,2,LZ_WEST,LZEW,69.23
2024-12-13,23,3,LZ_WEST,LZEW,71.01
2024-12-13,23,4,LZ_WEST,LZEW,71.80
2024-12-13,24,1,LZ_WEST,LZEW,54.51
2024-12-13,24,2,LZ_WEST,LZEW,55.42
2024-12-13,24,3,LZ_WEST,LZEW,55.35
2024-12-13,24,4,LZ_WEST,LZEW,53.71
2024-12-14,1,1,LZ_WEST,LZEW,52.15
2024-12-14,1,2,LZ_WEST,LZEW,43.73
2024-12-14,1,3,LZ_WEST,LZEW,46.39
2024-12-14,1,4,LZ_WEST,LZEW,47.72
2024-12-14,2,1,LZ_WEST,LZEW,41.20
2024-12-14,2,2,LZ_WEST,LZEW,35.71
2024-12-14,2,3,LZ_WEST,LZEW,39.18
2024-12-14,2,4,LZ_WEST,LZEW,40.13
2024-12-14,3,1,LZ_WEST,LZEW,37.76
2024-12-14,3,2,LZ_WEST,LZEW,33.93
2024-12-14,3,3,LZ_WEST,LZEW,29.41
2024-12-14,3,4,LZ_WEST,LZEW,31.95
2024-12-14,4,1,LZ_WEST,LZEW,42.76
2024-12-14,4,2,LZ_WEST,LZEW,42.19
2024-12-14,4,3,LZ_WEST,LZEW,46.65
2024-12-14,4,4,LZ_WEST,LZEW,51.36
2024-12-14,5,1,LZ_WEST,LZEW,57.88
2024-12-14,5,2,LZ_WEST,LZEW,54.24
2024-12-14,5,3,LZ_WEST,LZEW,50.37
2024-12-14,5,4,LZ_WEST,LZEW,53.38
2024-12-14,6,1,LZ_WEST,LZEW,56.46
2024-12-14,6,2,LZ_WEST,LZEW,60.80
2024-12-14,6,3,LZ_WEST,LZEW,59.76
2024-12-14,6,4,LZ_WEST,LZEW,62.35
2024-12-14,7,1,LZ_WEST,LZEW,64.14
2024-12-14,7,2,LZ_WEST,LZEW,66.85
2024-12-14,7,3,LZ_WEST,LZEW,68.14
2024-12-14,7,4,LZ_WEST,LZEW,72.25
2024-12-14,8,1,LZ_WEST,LZEW,83.94
2024-12-14,8,2,LZ_WEST,LZEW,102.17
2024-12-14,8,3,LZ_WEST,LZEW,63.17
2024-12-14,8,4,LZ_WEST,LZEW,85.36
2024-12-14,9,1,LZ_WEST,LZEW,76.57
2024-12-14,9,2,LZ_WEST,LZEW,32.18
2024-12-14,9,3,LZ_WEST,LZEW,29.48
2024-12-14,9,4,LZ_WEST,LZEW,28.86
2024-12-14,10,1,LZ_WEST,LZEW,29.45
2024-12-14,10,2,LZ_WEST,LZEW,28.84
2024-12-14,10,3,LZ_WEST,LZEW,29.82
2024-12-14,10,4,LZ_WEST,LZEW,33.39
2024-12-14,11,1,LZ_WEST,LZEW,32.82
2024-12-14,11,2,LZ_WEST,LZEW,29.54
2024-12-14,11,3,LZ_WEST,LZEW,29.10
2024-12-14,11,4,LZ_WEST,LZEW,30.68
2024-12-14,12,1,LZ_WEST,LZEW,29.03
2024-12-14,12,2,LZ_WEST,LZEW,28.38
2024-12-14,12,3,LZ_WEST,LZEW,29.52
2024-12-14,12,4,LZ_WEST,LZEW,27.12
2024-12-14,13,1,LZ_WEST,LZEW,26.61
2024-12-14,13,2,LZ_WEST,LZEW,27.87
2024-12-14,13,3,LZ_WEST,LZEW,26.11
2024-12-14,13,4,LZ_WEST,LZEW,25.31
2024-12-14,14,1,LZ_WEST,LZEW,26.41
2024-12-14,14,2,LZ_WEST,LZEW,22.57
2024-12-14,14,3,LZ_WEST,LZEW,23.59
2024-12-14,14,4,LZ_WEST,LZEW,22.71
2024-12-14,15,1,LZ_WEST,LZEW,23.30
2024-12-14,15,2,LZ_WEST,LZEW,22.64
2024-12-14,15,3,LZ_WEST,LZEW,21.91
2024-12-14,15,4,LZ_WEST,LZEW,21.01
2024-12-14,16,1,LZ_WEST,LZEW,20.84
2024-12-14,16,2,LZ_WEST,LZEW,20.98
2024-12-14,16,3,LZ_WEST,LZEW,21.03
2024-12-14,16,4,LZ_WEST,LZEW,22.36
2024-12-14,17,1,LZ_WEST,LZEW,25.64
2024-12-14,17,2,LZ_WEST,LZEW,40.46
2024-12-14,17,3,LZ_WEST,LZEW,63.57
2024-12-14,17,4,LZ_WEST,LZEW,89.75
2024-12-14,18,1,LZ_WEST,LZEW,78.93
2024-12-14,18,2,LZ_WEST,LZEW,89.40
2024-12-14,18,3,LZ_WEST,LZEW,1685.56
2024-12-14,18,4,LZ_WEST,LZEW,63.72
2024-12-14,19,1,LZ_WEST,LZEW,68.45
2024-12-14,19,2,LZ_WEST,LZEW,80.66
2024-12-14,19,3,LZ_WEST,LZEW,75.48
2024-12-14,19,4,LZ_WEST,LZEW,74.32
2024-12-14,20,1,LZ_WEST,LZEW,63.89
2024-12-14,20,2,LZ_WEST,LZEW,51.34
2024-12-14,20,3,LZ_WEST,LZEW,59.24
2024-12-14,20,4,LZ_WEST,LZEW,58.64
2024-12-14,21,1,LZ_WEST,LZEW,60.05
2024-12-14,21,2,LZ_WEST,LZEW,57.10
2024-12-14,21,3,LZ_WEST,LZEW,58.96
2024-12-14,21,4,LZ_WEST,LZEW,56.67
2024-12-14,22,1,LZ_WEST,LZEW,56.01
2024-12-14,22,2,LZ_WEST,LZEW,52.25
2024-12-14,22,3,LZ_WEST,LZEW,50.53
2024-12-14,22,4,LZ_WEST,LZEW,46.09
2024-12-14,23,1,LZ_WEST,LZEW,38.98
2024-12-14,23,2,LZ_WEST,LZEW,39.26
2024-12-14,23,3,LZ_WEST,LZEW,39.37
2024-12-14,23,4,LZ_WEST,LZEW,41.97
2024-12-14,24,1,LZ_WEST,LZEW,42.26
2024-12-14,24,2,LZ_WEST,LZEW,34.29
2024-12-14,24,3,LZ_WEST,LZEW,38.13
2024-12-14,24,4,LZ_WEST,LZEW,29.38
2024-12-15,1,1,LZ_WEST,LZEW,32.54
2024-12-15,1,2,LZ_WEST,LZEW,35.09
2024-12-15,1,3,LZ_WEST,LZEW,33.08
2024-12-15,1,4,LZ_WEST,LZEW,32.37
2024-12-15,2,1,LZ_WEST,LZEW,29.69
2024-12-15,2,2,LZ_WEST,LZEW,27.86
2024-12-15,2,3,LZ_WEST,LZEW,36.52
2024-12-15,2,4,LZ_WEST,LZEW,39.41
2024-12-15,3,1,LZ_WEST,LZEW,36.07
2024-12-15,3,2,LZ_WEST,LZEW,38.67
2024-12-15,3,3,LZ_WEST,LZEW,44.07
2024-12-15,3,4,LZ_WEST,LZEW,43.51
2024-12-15,4,1,LZ_WEST,LZEW,39.95
2024-12-15,4,2,LZ_WEST,LZEW,42.52
2024-12-15,4,3,LZ_WEST,LZEW,45.35
2024-12-15,4,4,LZ_WEST,LZEW,55.04
2024-12-15,5,1,LZ_WEST,LZEW,53.91
2024-12-15,5,2,LZ_WEST,LZEW,54.71
2024-12-15,5,3,LZ_WEST,LZEW,49.70
2024-12-15,5,4,LZ_WEST,LZEW,37.91
2024-12-15,6,1,LZ_WEST,LZEW,39.78
2024-12-15,6,2,LZ_WEST,LZEW,29.45
2024-12-15,6,3,LZ_WEST,LZEW,28.15
2024-12-15,6,4,LZ_WEST,LZEW,27.36
2024-12-15,7,1,LZ_WEST,LZEW,27.79
2024-12-15,7,2,LZ_WEST,LZEW,36.39
2024-12-15,7,3,LZ_WEST,LZEW,35.78
2024-12-15,7,4,LZ_WEST,LZEW,38.87
2024-12-15,8,1,LZ_WEST,LZEW,30.81
2024-12-15,8,2,LZ_WEST,LZEW,30.68
2024-12-15,8,3,LZ_WEST,LZEW,32.15
2024-12-15,8,4,LZ_WEST,LZEW,32.68
2024-12-15,9,1,LZ_WEST,LZEW,30.12
2024-12-15,9,2,LZ_WEST,LZEW,25.28
2024-12-15,9,3,LZ_WEST,LZEW,21.24
2024-12-15,9,4,LZ_WEST,LZEW,20.27
2024-12-15,10,1,LZ_WEST,LZEW,18.56
2024-12-15,10,2,LZ_WEST,LZEW,18.73
2024-12-15,10,3,LZ_WEST,LZEW,18.34
2024-12-15,10,4,LZ_WEST,LZEW,16.63
2024-12-15,11,1,LZ_WEST,LZEW,16.97
2024-12-15,11,2,LZ_WEST,LZEW,16.29
2024-12-15,11,3,LZ_WEST,LZEW,15.95
2024-12-15,11,4,LZ_WEST,LZEW,16.43
2024-12-15,12,1,LZ_WEST,LZEW,16.35
2024-12-15,12,2,LZ_WEST,LZEW,15.74
2024-12-15,12,3,LZ_WEST,LZEW,13.63
2024-12-15,12,4,LZ_WEST,LZEW,10.21
2024-12-15,13,1,LZ_WEST,LZEW,7.02
2024-12-15,13,2,LZ_WEST,LZEW,5.48
2024-12-15,13,3,LZ_WEST,LZEW,1.73
2024-12-15,13,4,LZ_WEST,LZEW,0.77
2024-12-15,14,1,LZ_WEST,LZEW,1.16
2024-12-15,14,2,LZ_WEST,LZEW,1.45
2024-12-15,14,3,LZ_WEST,LZEW,0.60
2024-12-15,14,4,LZ_WEST,LZEW,-0.06
2024-12-15,15,1,LZ_WEST,LZEW,0.09
2024-12-15,15,2,LZ_WEST,LZEW,0.39
2024-12-15,15,3,LZ_WEST,LZEW,-0.18
2024-12-15,15,4,LZ_WEST,LZEW,-0.14
2024-12-15,16,1,LZ_WEST,LZEW,-0.39
2024-12-15,16,2,LZ_WEST,LZEW,0.81
2024-12-15,16,3,LZ_WEST,LZEW,2.12
2024-12-15,16,4,LZ_WEST,LZEW,0.25
2024-12-15,17,1,LZ_WEST,LZEW,0.52
2024-12-15,17,2,LZ_WEST,LZEW,14.50
2024-12-15,17,3,LZ_WEST,LZEW,23.69
2024-12-15,17,4,LZ_WEST,LZEW,32.77
2024-12-15,18,1,LZ_WEST,LZEW,26.62
2024-12-15,18,2,LZ_WEST,LZEW,38.80
2024-12-15,18,3,LZ_WEST,LZEW,53.33
2024-12-15,18,4,LZ_WEST,LZEW,52.63
2024-12-15,19,1,LZ_WEST,LZEW,51.40
2024-12-15,19,2,LZ_WEST,LZEW,50.99
2024-12-15,19,3,LZ_WEST,LZEW,45.65
2024-12-15,19,4,LZ_WEST,LZEW,43.53
2024-12-15,20,1,LZ_WEST,LZEW,42.38
2024-12-15,20,2,LZ_WEST,LZEW,38.52
2024-12-15,20,3,LZ_WEST,LZEW,38.74
2024-12-15,20,4,LZ_WEST,LZEW,40.16
2024-12-15,21,1,LZ_WEST,LZEW,48.60
2024-12-15,21,2,LZ_WEST,LZEW,44.78
2024-12-15,21,3,LZ_WEST,LZEW,50.89
2024-12-15,21,4,LZ_WEST,LZEW,76.06
2024-12-15,22,1,LZ_WEST,LZEW,75.98
2024-12-15,22,2,LZ_WEST,LZEW,40.51
2024-12-15,22,3,LZ_WEST,LZEW,68.70
2024-12-15,22,4,LZ_WEST,LZEW,66.14
2024-12-15,23,1,LZ_WEST,LZEW,74.39
2024-12-15,23,2,LZ_WEST,LZEW,53.22
2024-12-15,23,3,LZ_WEST,LZEW,58
2024-12-15,23,4,LZ_WEST,LZEW,58.26
2024-12-15,24,1,LZ_WEST,LZEW,74.41
2024-12-15,24,2,LZ_WEST,LZEW,58.87
2024-12-15,24,3,LZ_WEST,LZEW,68.44
2024-12-15,24,4,LZ_WEST,LZEW,92.87
2024-12-16,1,1,LZ_WEST,LZEW,35.08
2024-12-16,1,2,LZ_WEST,LZEW,57.98
2024-12-16,1,3,LZ_WEST,LZEW,74.91
2024-12-16,1,4,LZ_WEST,LZEW,69.89
2024-12-16,2,1,LZ_WEST,LZEW,62.11
2024-12-16,2,2,LZ_WEST,LZEW,54.90
2024-12-16,2,3,LZ_WEST,LZEW,51.89
2024-12-16,2,4,LZ_WEST,LZEW,55.98
2024-12-16,3,1,LZ_WEST,LZEW,106.84
2024-12-16,3,2,LZ_WEST,LZEW,72.71
2024-12-16,3,3,LZ_WEST,LZEW,72.38
2024-12-16,3,4,LZ_WEST,LZEW,88.04
2024-12-16,4,1,LZ_WEST,LZEW,69.65
2024-12-16,4,2,LZ_WEST,LZEW,64.57
2024-12-16,4,3,LZ_WEST,LZEW,67.15
2024-12-16,4,4,LZ_WEST,LZEW,81.89
2024-12-16,5,1,LZ_WEST,LZEW,94.46
2024-12-16,5,2,LZ_WEST,LZEW,75.48
2024-12-16,5,3,LZ_WEST,LZEW,78.42
2024-12-16,5,4,LZ_WEST,LZEW,83.24
2024-12-16,6,1,LZ_WEST,LZEW,78.48
2024-12-16,6,2,LZ_WEST,LZEW,81.63
2024-12-16,6,3,LZ_WEST,LZEW,99.58
2024-12-16,6,4,LZ_WEST,LZEW,91.59
2024-12-16,7,1,LZ_WEST,LZEW,72.61
2024-12-16,7,2,LZ_WEST,LZEW,96.47
2024-12-16,7,3,LZ_WEST,LZEW,84.95
2024-12-16,7,4,LZ_WEST,LZEW,90.96
2024-12-16,8,1,LZ_WEST,LZEW,76.63
2024-12-16,8,2,LZ_WEST,LZEW,87.20
2024-12-16,8,3,LZ_WEST,LZEW,83.41
2024-12-16,8,4,LZ_WEST,LZEW,79.67
2024-12-16,9,1,LZ_WEST,LZEW,99.25
2024-12-16,9,2,LZ_WEST,LZEW,44.39
2024-12-16,9,3,LZ_WEST,LZEW,27.56
2024-12-16,9,4,LZ_WEST,LZEW,24.81
2024-12-16,10,1,LZ_WEST,LZEW,25.18
2024-12-16,10,2,LZ_WEST,LZEW,23.43
2024-12-16,10,3,LZ_WEST,LZEW,22.49
2024-12-16,10,4,LZ_WEST,LZEW,21.03
2024-12-16,11,1,LZ_WEST,LZEW,21.60
2024-12-16,11,2,LZ_WEST,LZEW,21.49
2024-12-16,11,3,LZ_WEST,LZEW,21.83
2024-12-16,11,4,LZ_WEST,LZEW,23.24
2024-12-16,12,1,LZ_WEST,LZEW,27.19
2024-12-16,12,2,LZ_WEST,LZEW,25.87
2024-12-16,12,3,LZ_WEST,LZEW,31.37
2024-12-16,12,4,LZ_WEST,LZEW,31.45
2024-12-16,13,1,LZ_WEST,LZEW,29.14
2024-12-16,13,2,LZ_WEST,LZEW,31.56
2024-12-16,13,3,LZ_WEST,LZEW,32.22
2024-12-16,13,4,LZ_WEST,LZEW,30.47
2024-12-16,14,1,LZ_WEST,LZEW,32.66
2024-12-16,14,2,LZ_WEST,LZEW,34.07
2024-12-16,14,3,LZ_WEST,LZEW,32
2024-12-16,14,4,LZ_WEST,LZEW,32.48
2024-12-16,15,1,LZ_WEST,LZEW,28.57
2024-12-16,15,2,LZ_WEST,LZEW,27.01
2024-12-16,15,3,LZ_WEST,LZEW,27.83
2024-12-16,15,4,LZ_WEST,LZEW,23.99
2024-12-16,16,1,LZ_WEST,LZEW,21.13
2024-12-16,16,2,LZ_WEST,LZEW,21.64
2024-12-16,16,3,LZ_WEST,LZEW,21.71
2024-12-16,16,4,LZ_WEST,LZEW,21.52
2024-12-16,17,1,LZ_WEST,LZEW,23.98
2024-12-16,17,2,LZ_WEST,LZEW,36.21
2024-12-16,17,3,LZ_WEST,LZEW,42.93
2024-12-16,17,4,LZ_WEST,LZEW,60.13
2024-12-16,18,1,LZ_WEST,LZEW,82.58
2024-12-16,18,2,LZ_WEST,LZEW,75.26
2024-12-16,18,3,LZ_WEST,LZEW,84.99
2024-12-16,18,4,LZ_WEST,LZEW,91.07
2024-12-16,19,1,LZ_WEST,LZEW,81.55
2024-12-16,19,2,LZ_WEST,LZEW,88.68
2024-12-16,19,3,LZ_WEST,LZEW,97.79
2024-12-16,19,4,LZ_WEST,LZEW,99.21
2024-12-16,20,1,LZ_WEST,LZEW,81.83
2024-12-16,20,2,LZ_WEST,LZEW,84.05
2024-12-16,20,3,LZ_WEST,LZEW,87.45
2024-12-16,20,4,LZ_WEST,LZEW,104.59
2024-12-16,21,1,LZ_WEST,LZEW,91.88
2024-12-16,21,2,LZ_WEST,LZEW,90.54
2024-12-16,21,3,LZ_WEST,LZEW,102.47
2024-12-16,21,4,LZ_WEST,LZEW,103.73
2024-12-16,22,1,LZ_WEST,LZEW,103.05
2024-12-16,22,2,LZ_WEST,LZEW,107.62
2024-12-16,22,3,LZ_WEST,LZEW,115.47
2024-12-16,22,4,LZ_WEST,LZEW,89.96
2024-12-16,23,1,LZ_WEST,LZEW,91.99
2024-12-16,23,2,LZ_WEST,LZEW,100.71
2024-12-16,23,3,LZ_WEST,LZEW,94.98
2024-12-16,23,4,LZ_WEST,LZEW,81.89
2024-12-16,24,1,LZ_WEST,LZEW,82.46
2024-12-16,24,2,LZ_WEST,LZEW,84.59
2024-12-16,24,3,LZ_WEST,LZEW,81.45
2024-12-16,24,4,LZ_WEST,LZEW,82.04
2024-12-17,1,1,LZ_WEST,LZEW,72.76
2024-12-17,1,2,LZ_WEST,LZEW,90.05
2024-12-17,1,3,LZ_WEST,LZEW,88.01
2024-12-17,1,4,LZ_WEST,LZEW,87.54
2024-12-17,2,1,LZ_WEST,LZEW,88.75
2024-12-17,2,2,LZ_WEST,LZEW,99.53
2024-12-17,2,3,LZ_WEST,LZEW,107.51
2024-12-17,2,4,LZ_WEST,LZEW,123.51
2024-12-17,3,1,LZ_WEST,LZEW,121.73
2024-12-17,3,2,LZ_WEST,LZEW,115.52
2024-12-17,3,3,LZ_WEST,LZEW,117.78
2024-12-17,3,4,LZ_WEST,LZEW,128.56
2024-12-17,4,1,LZ_WEST,LZEW,160.11
2024-12-17,4,2,LZ_WEST,LZEW,154.05
2024-12-17,4,3,LZ_WEST,LZEW,110.72
2024-12-17,4,4,LZ_WEST,LZEW,122.75
2024-12-17,5,1,LZ_WEST,LZEW,122.81
2024-12-17,5,2,LZ_WEST,LZEW,140.87
2024-12-17,5,3,LZ_WEST,LZEW,117.77
2024-12-17,5,4,LZ_WEST,LZEW,113.57
2024-12-17,6,1,LZ_WEST,LZEW,120.80
2024-12-17,6,2,LZ_WEST,LZEW,95.98
2024-12-17,6,3,LZ_WEST,LZEW,80.45
2024-12-17,6,4,LZ_WEST,LZEW,95.81
2024-12-17,7,1,LZ_WEST,LZEW,75.20
2024-12-17,7,2,LZ_WEST,LZEW,123.30
2024-12-17,7,3,LZ_WEST,LZEW,127.65
2024-12-17,7,4,LZ_WEST,LZEW,85.52
2024-12-17,8,1,LZ_WEST,LZEW,71.28
2024-12-17,8,2,LZ_WEST,LZEW,66.46
2024-12-17,8,3,LZ_WEST,LZEW,80.29
2024-12-17,8,4,LZ_WEST,LZEW,122.50
2024-12-17,9,1,LZ_WEST,LZEW,92.41
2024-12-17,9,2,LZ_WEST,LZEW,36
2024-12-17,9,3,LZ_WEST,LZEW,25.88
2024-12-17,9,4,LZ_WEST,LZEW,20.87
2024-12-17,10,1,LZ_WEST,LZEW,20.13
2024-12-17,10,2,LZ_WEST,LZEW,19.92
2024-12-17,10,3,LZ_WEST,LZEW,19.55
2024-12-17,10,4,LZ_WEST,LZEW,18.60
2024-12-17,11,1,LZ_WEST,LZEW,18.09
2024-12-17,11,2,LZ_WEST,LZEW,18.77
2024-12-17,11,3,LZ_WEST,LZEW,18.43
2024-12-17,11,4,LZ_WEST,LZEW,18.95
2024-12-17,12,1,LZ_WEST,LZEW,20.16
2024-12-17,12,2,LZ_WEST,LZEW,19.04
2024-12-17,12,3,LZ_WEST,LZEW,16.87
2024-12-17,12,4,LZ_WEST,LZEW,16.23
2024-12-17,13,1,LZ_WEST,LZEW,15.51
2024-12-17,13,2,LZ_WEST,LZEW,15.23
2024-12-17,13,3,LZ_WEST,LZEW,14.56
2024-12-17,13,4,LZ_WEST,LZEW,13.57
2024-12-17,14,1,LZ_WEST,LZEW,13.30
2024-12-17,14,2,LZ_WEST,LZEW,10.92
2024-12-17,14,3,LZ_WEST,LZEW,7.68
2024-12-17,14,4,LZ_WEST,LZEW,7.10
2024-12-17,15,1,LZ_WEST,LZEW,5.74
2024-12-17,15,2,LZ_WEST,LZEW,7.02
2024-12-17,15,3,LZ_WEST,LZEW,6.79
2024-12-17,15,4,LZ_WEST,LZEW,6.59
2024-12-17,16,1,LZ_WEST,LZEW,7.86
2024-12-17,16,2,LZ_WEST,LZEW,6.41
2024-12-17,16,3,LZ_WEST,LZEW,7.09
2024-12-17,16,4,LZ_WEST,LZEW,6.07
2024-12-17,17,1,LZ_WEST,LZEW,8.36
2024-12-17,17,2,LZ_WEST,LZEW,13.36
2024-12-17,17,3,LZ_WEST,LZEW,18.92
2024-12-17,17,4,LZ_WEST,LZEW,50.89
2024-12-17,18,1,LZ_WEST,LZEW,63.44
2024-12-17,18,2,LZ_WEST,LZEW,112.20
2024-12-17,18,3,LZ_WEST,LZEW,100.26
2024-12-17,18,4,LZ_WEST,LZEW,65.03
2024-12-17,19,1,LZ_WEST,LZEW,73.39
2024-12-17,19,2,LZ_WEST,LZEW,71.24
2024-12-17,19,3,LZ_WEST,LZEW,73.98
2024-12-17,19,4,LZ_WEST,LZEW,85.89
2024-12-17,20,1,LZ_WEST,LZEW,91.29
2024-12-17,20,2,LZ_WEST,LZEW,81.91
2024-12-17,20,3,LZ_WEST,LZEW,73.07
2024-12-17,20,4,LZ_WEST,LZEW,19.52
2024-12-17,21,1,LZ_WEST,LZEW,35.92
2024-12-17,21,2,LZ_WEST,LZEW,32.30
2024-12-17,21,3,LZ_WEST,LZEW,37.23
2024-12-17,21,4,LZ_WEST,LZEW,40.95
2024-12-17,22,1,LZ_WEST,LZEW,41.99
2024-12-17,22,2,LZ_WEST,LZEW,28.03
2024-12-17,22,3,LZ_WEST,LZEW,25.04
2024-12-17,22,4,LZ_WEST,LZEW,41.23
2024-12-17,23,1,LZ_WEST,LZEW,24.67
2024-12-17,23,2,LZ_WEST,LZEW,25.95
2024-12-17,23,3,LZ_WEST,LZEW,25.84
2024-12-17,23,4,LZ_WEST,LZEW,23.47
2024-12-17,24,1,LZ_WEST,LZEW,23.60
2024-12-17,24,2,LZ_WEST,LZEW,29.39
2024-12-17,24,3,LZ_WEST,LZEW,26
2024-12-17,24,4,LZ_WEST,LZEW,26.65
2024-12-18,1,1,LZ_WEST,LZEW,27.10
2024-12-18,1,2,LZ_WEST,LZEW,29.75
2024-12-18,1,3,LZ_WEST,LZEW,32.18
2024-12-18,1,4,LZ_WEST,LZEW,41.51
2024-12-18,2,1,LZ_WEST,LZEW,41.45
2024-12-18,2,2,LZ_WEST,LZEW,51.17
2024-12-18,2,3,LZ_WEST,LZEW,53.34
2024-12-18,2,4,LZ_WEST,LZEW,58.54
2024-12-18,3,1,LZ_WEST,LZEW,58.36
2024-12-18,3,2,LZ_WEST,LZEW,75.76
2024-12-18,3,3,LZ_WEST,LZEW,72.72
2024-12-18,3,4,LZ_WEST,LZEW,71.74
2024-12-18,4,1,LZ_WEST,LZEW,80.57
2024-12-18,4,2,LZ_WEST,LZEW,77.25
2024-12-18,4,3,LZ_WEST,LZEW,66.92
2024-12-18,4,4,LZ_WEST,LZEW,80.18
2024-12-18,5,1,LZ_WEST,LZEW,79.13
2024-12-18,5,2,LZ_WEST,LZEW,74.53
2024-12-18,5,3,LZ_WEST,LZEW,75.92
2024-12-18,5,4,LZ_WEST,LZEW,75.05
2024-12-18,6,1,LZ_WEST,LZEW,69.10
2024-12-18,6,2,LZ_WEST,LZEW,56.92
2024-12-18,6,3,LZ_WEST,LZEW,43.05
2024-12-18,6,4,LZ_WEST,LZEW,29.79
2024-12-18,7,1,LZ_WEST,LZEW,29.98
2024-12-18,7,2,LZ_WEST,LZEW,31.30
2024-12-18,7,3,LZ_WEST,LZEW,31.50
2024-12-18,7,4,LZ_WEST,LZEW,22.31
2024-12-18,8,1,LZ_WEST,LZEW,22.06
2024-12-18,8,2,LZ_WEST,LZEW,26.40
2024-12-18,8,3,LZ_WEST,LZEW,31.04
2024-12-18,8,4,LZ_WEST,LZEW,29.15
2024-12-18,9,1,LZ_WEST,LZEW,26.61
2024-12-18,9,2,LZ_WEST,LZEW,15.45
2024-12-18,9,3,LZ_WEST,LZEW,9.91
2024-12-18,9,4,LZ_WEST,LZEW,7.77
2024-12-18,10,1,LZ_WEST,LZEW,4.90
2024-12-18,10,2,LZ_WEST,LZEW,1.69
2024-12-18,10,3,LZ_WEST,LZEW,-0.24
2024-12-18,10,4,LZ_WEST,LZEW,-0.61
2024-12-18,11,1,LZ_WEST,LZEW,-0.77
2024-12-18,11,2,LZ_WEST,LZEW,-0.58
2024-12-18,11,3,LZ_WEST,LZEW,-0.13
2024-12-18,11,4,LZ_WEST,LZEW,0.05
2024-12-18,12,1,LZ_WEST,LZEW,0.61
2024-12-18,12,2,LZ_WEST,LZEW,5.87
2024-12-18,12,3,LZ_WEST,LZEW,11.15
2024-12-18,12,4,LZ_WEST,LZEW,12.81
2024-12-18,13,1,LZ_WEST,LZEW,15.76
2024-12-18,13,2,LZ_WEST,LZEW,16.63
2024-12-18,13,3,LZ_WEST,LZEW,19.13
2024-12-18,13,4,LZ_WEST,LZEW,20.42
2024-12-18,14,1,LZ_WEST,LZEW,20.44
2024-12-18,14,2,LZ_WEST,LZEW,20.69
2024-12-18,14,3,LZ_WEST,LZEW,20.42
2024-12-18,14,4,LZ_WEST,LZEW,19.57
2024-12-18,15,1,LZ_WEST,LZEW,18.09
2024-12-18,15,2,LZ_WEST,LZEW,18.10
2024-12-18,15,3,LZ_WEST,LZEW,15.38
2024-12-18,15,4,LZ_WEST,LZEW,12.24
2024-12-18,16,1,LZ_WEST,LZEW,11.98
2024-12-18,16,2,LZ_WEST,LZEW,10.68
2024-12-18,16,3,LZ_WEST,LZEW,11.92
2024-12-18,16,4,LZ_WEST,LZEW,12.26
2024-12-18,17,1,LZ_WEST,LZEW,15.31
2024-12-18,17,2,LZ_WEST,LZEW,19.39
2024-12-18,17,3,LZ_WEST,LZEW,26.57
2024-12-18,17,4,LZ_WEST,LZEW,33.45
2024-12-18,18,1,LZ_WEST,LZEW,28.89
2024-12-18,18,2,LZ_WEST,LZEW,55.96
2024-12-18,18,3,LZ_WEST,LZEW,85.62
2024-12-18,18,4,LZ_WEST,LZEW,93.92
2024-12-18,19,1,LZ_WEST,LZEW,48.57
2024-12-18,19,2,LZ_WEST,LZEW,75.60
2024-12-18,19,3,LZ_WEST,LZEW,78.51
2024-12-18,19,4,LZ_WEST,LZEW,79.18
2024-12-18,20,1,LZ_WEST,LZEW,72.04
2024-12-18,20,2,LZ_WEST,LZEW,92.47
2024-12-18,20,3,LZ_WEST,LZEW,79.88
2024-12-18,20,4,LZ_WEST,LZEW,79.68
2024-12-18,21,1,LZ_WEST,LZEW,93.71
2024-12-18,21,2,LZ_WEST,LZEW,89.46
2024-12-18,21,3,LZ_WEST,LZEW,98.38
2024-12-18,21,4,LZ_WEST,LZEW,96.82
2024-12-18,22,1,LZ_WEST,LZEW,104.98
2024-12-18,22,2,LZ_WEST,LZEW,106.26
2024-12-18,22,3,LZ_WEST,LZEW,103.35
2024-12-18,22,4,LZ_WEST,LZEW,102.50
2024-12-18,23,1,LZ_WEST,LZEW,101.66
2024-12-18,23,2,LZ_WEST,LZEW,102.81
2024-12-18,23,3,LZ_WEST,LZEW,103.85
2024-12-18,23,4,LZ_WEST,LZEW,85.04
2024-12-18,24,1,LZ_WEST,LZEW,88.07
2024-12-18,24,2,LZ_WEST,LZEW,80.37
2024-12-18,24,3,LZ_WEST,LZEW,80.10
2024-12-18,24,4,LZ_WEST,LZEW,80.97
2024-12-19,1,1,LZ_WEST,LZEW,83.03
2024-12-19,1,2,LZ_WEST,LZEW,81.16
2024-12-19,1,3,LZ_WEST,LZEW,77.65
2024-12-19,1,4,LZ_WEST,LZEW,69.08
2024-12-19,2,1,LZ_WEST,LZEW,73.25
2024-12-19,2,2,LZ_WEST,LZEW,68.67
2024-12-19,2,3,LZ_WEST,LZEW,65.74
2024-12-19,2,4,LZ_WEST,LZEW,67.46
2024-12-19,3,1,LZ_WEST,LZEW,57.62
2024-12-19,3,2,LZ_WEST,LZEW,51.09
2024-12-19,3,3,LZ_WEST,LZEW,51.34
2024-12-19,3,4,LZ_WEST,LZEW,49.56
2024-12-19,4,1,LZ_WEST,LZEW,50.47
2024-12-19,4,2,LZ_WEST,LZEW,50.67
2024-12-19,4,3,LZ_WEST,LZEW,54.98
2024-12-19,4,4,LZ_WEST,LZEW,56.03
2024-12-19,5,1,LZ_WEST,LZEW,66
2024-12-19,5,2,LZ_WEST,LZEW,60.28
2024-12-19,5,3,LZ_WEST,LZEW,60.74
2024-12-19,5,4,LZ_WEST,LZEW,60.64
2024-12-19,6,1,LZ_WEST,LZEW,59.87
2024-12-19,6,2,LZ_WEST,LZEW,57.05
2024-12-19,6,3,LZ_WEST,LZEW,64.30
2024-12-19,6,4,LZ_WEST,LZEW,44.73
2024-12-19,7,1,LZ_WEST,LZEW,40.07
2024-12-19,7,2,LZ_WEST,LZEW,39.62
2024-12-19,7,3,LZ_WEST,LZEW,33.35
2024-12-19,7,4,LZ_WEST,LZEW,34.43
2024-12-19,8,1,LZ_WEST,LZEW,32.24
2024-12-19,8,2,LZ_WEST,LZEW,30.58
2024-12-19,8,3,LZ_WEST,LZEW,31.22
2024-12-19,8,4,LZ_WEST,LZEW,29.83
2024-12-19,9,1,LZ_WEST,LZEW,23.47
2024-12-19,9,2,LZ_WEST,LZEW,18.76
2024-12-19,9,3,LZ_WEST,LZEW,15.26
2024-12-19,9,4,LZ_WEST,LZEW,14.41
2024-12-19,10,1,LZ_WEST,LZEW,16.28
2024-12-19,10,2,LZ_WEST,LZEW,19
2024-12-19,10,3,LZ_WEST,LZEW,19.35
2024-12-19,10,4,LZ_WEST,LZEW,19.21
2024-12-19,11,1,LZ_WEST,LZEW,19.23
2024-12-19,11,2,LZ_WEST,LZEW,17.32
2024-12-19,11,3,LZ_WEST,LZEW,16.33
2024-12-19,11,4,LZ_WEST,LZEW,15.22
2024-12-19,12,1,LZ_WEST,LZEW,16.16
2024-12-19,12,2,LZ_WEST,LZEW,16.60
2024-12-19,12,3,LZ_WEST,LZEW,15.84
2024-12-19,12,4,LZ_WEST,LZEW,15.20
2024-12-19,13,1,LZ_WEST,LZEW,15.43
2024-12-19,13,2,LZ_WEST,LZEW,15.95
2024-12-19,13,3,LZ_WEST,LZEW,16.15
2024-12-19,13,4,LZ_WEST,LZEW,16.22
2024-12-19,14,1,LZ_WEST,LZEW,16.10
2024-12-19,14,2,LZ_WEST,LZEW,16.92
2024-12-19,14,3,LZ_WEST,LZEW,17.22
2024-12-19,14,4,LZ_WEST,LZEW,17.83
2024-12-19,15,1,LZ_WEST,LZEW,17.79
2024-12-19,15,2,LZ_WEST,LZEW,18.10
2024-12-19,15,3,LZ_WEST,LZEW,18.32
2024-12-19,15,4,LZ_WEST,LZEW,18.41
2024-12-19,16,1,LZ_WEST,LZEW,15.19
2024-12-19,16,2,LZ_WEST,LZEW,15.42
2024-12-19,16,3,LZ_WEST,LZEW,15.52
2024-12-19,16,4,LZ_WEST,LZEW,14.66
2024-12-19,17,1,LZ_WEST,LZEW,16.78
2024-12-19,17,2,LZ_WEST,LZEW,21.45
2024-12-19,17,3,LZ_WEST,LZEW,28.04
2024-12-19,17,4,LZ_WEST,LZEW,42.41
2024-12-19,18,1,LZ_WEST,LZEW,34.13
2024-12-19,18,2,LZ_WEST,LZEW,65.41
2024-12-19,18,3,LZ_WEST,LZEW,74.64
2024-12-19,18,4,LZ_WEST,LZEW,65.59
2024-12-19,19,1,LZ_WEST,LZEW,62.04
2024-12-19,19,2,LZ_WEST,LZEW,56.97
2024-12-19,19,3,LZ_WEST,LZEW,58.47
2024-12-19,19,4,LZ_WEST,LZEW,59.85
2024-12-19,20,1,LZ_WEST,LZEW,55.45
2024-12-19,20,2,LZ_WEST,LZEW,55.01
2024-12-19,20,3,LZ_WEST,LZEW,53.76
2024-12-19,20,4,LZ_WEST,LZEW,49.79
2024-12-19,21,1,LZ_WEST,LZEW,54.65
2024-12-19,21,2,LZ_WEST,LZEW,45.89
2024-12-19,21,3,LZ_WEST,LZEW,45.57
2024-12-19,21,4,LZ_WEST,LZEW,53.39
2024-12-19,22,1,LZ_WEST,LZEW,52.71
2024-12-19,22,2,LZ_WEST,LZEW,54.28
2024-12-19,22,3,LZ_WEST,LZEW,65.50
2024-12-19,22,4,LZ_WEST,LZEW,69.08
2024-12-19,23,1,LZ_WEST,LZEW,58.17
2024-12-19,23,2,LZ_WEST,LZEW,47.99
2024-12-19,23,3,LZ_WEST,LZEW,68.41
2024-12-19,23,4,LZ_WEST,LZEW,46.36
2024-12-19,24,1,LZ_WEST,LZEW,59.02
2024-12-19,24,2,LZ_WEST,LZEW,45.72
2024-12-19,24,3,LZ_WEST,LZEW,47.58
2024-12-19,24,4,LZ_WEST,LZEW,42.51
2024-12-20,1,1,LZ_WEST,LZEW,38.58
2024-12-20,1,2,LZ_WEST,LZEW,37.85
2024-12-20,1,3,LZ_WEST,LZEW,37.86
2024-12-20,1,4,LZ_WEST,LZEW,37.73
2024-12-20,2,1,LZ_WEST,LZEW,40.17
2024-12-20,2,2,LZ_WEST,LZEW,40.03
2024-12-20,2,3,LZ_WEST,LZEW,45.38
2024-12-20,2,4,LZ_WEST,LZEW,42.86
2024-12-20,3,1,LZ_WEST,LZEW,44.29
2024-12-20,3,2,LZ_WEST,LZEW,45.20
2024-12-20,3,3,LZ_WEST,LZEW,48.98
2024-12-20,3,4,LZ_WEST,LZEW,52.84
2024-12-20,4,1,LZ_WEST,LZEW,53.45
2024-12-20,4,2,LZ_WEST,LZEW,51.11
2024-12-20,4,3,LZ_WEST,LZEW,59.05
2024-12-20,4,4,LZ_WEST,LZEW,59.31
2024-12-20,5,1,LZ_WEST,LZEW,57.47
2024-12-20,5,2,LZ_WEST,LZEW,62.84
2024-12-20,5,3,LZ_WEST,LZEW,62.31
2024-12-20,5,4,LZ_WEST,LZEW,57.68
2024-12-20,6,1,LZ_WEST,LZEW,62.66
2024-12-20,6,2,LZ_WEST,LZEW,67.34
2024-12-20,6,3,LZ_WEST,LZEW,70.74
2024-12-20,6,4,LZ_WEST,LZEW,73.30
2024-12-20,7,1,LZ_WEST,LZEW,75.16
2024-12-20,7,2,LZ_WEST,LZEW,75.38
2024-12-20,7,3,LZ_WEST,LZEW,53.30
2024-12-20,7,4,LZ_WEST,LZEW,70.80
2024-12-20,8,1,LZ_WEST,LZEW,82.28
2024-12-20,8,2,LZ_WEST,LZEW,116.23
2024-12-20,8,3,LZ_WEST,LZEW,86.88
2024-12-20,8,4,LZ_WEST,LZEW,60.14
2024-12-20,9,1,LZ_WEST,LZEW,42.70
2024-12-20,9,2,LZ_WEST,LZEW,42.72
2024-12-20,9,3,LZ_WEST,LZEW,19.94
2024-12-20,9,4,LZ_WEST,LZEW,18.19
2024-12-20,10,1,LZ_WEST,LZEW,19.29
2024-12-20,10,2,LZ_WEST,LZEW,19.81
2024-12-20,10,3,LZ_WEST,LZEW,21.50
2024-12-20,10,4,LZ_WEST,LZEW,21.31
2024-12-20,11,1,LZ_WEST,LZEW,22.35
2024-12-20,11,2,LZ_WEST,LZEW,22.93
2024-12-20,11,3,LZ_WEST,LZEW,24
2024-12-20,11,4,LZ_WEST,LZEW,26.27
2024-12-20,12,1,LZ_WEST,LZEW,20.44
2024-12-20,12,2,LZ_WEST,LZEW,20.68
2024-12-20,12,3,LZ_WEST,LZEW,20.47
2024-12-20,12,4,LZ_WEST,LZEW,20.34
2024-12-20,13,1,LZ_WEST,LZEW,19.79
2024-12-20,13,2,LZ_WEST,LZEW,20.29
2024-12-20,13,3,LZ_WEST,LZEW,20.94
2024-12-20,13,4,LZ_WEST,LZEW,20.86
2024-12-20,14,1,LZ_WEST,LZEW,20.85
2024-12-20,14,2,LZ_WEST,LZEW,20.90
2024-12-20,14,3,LZ_WEST,LZEW,20.54
2024-12-20,14,4,LZ_WEST,LZEW,20.65
2024-12-20,15,1,LZ_WEST,LZEW,20.58
2024-12-20,15,2,LZ_WEST,LZEW,20.72
2024-12-20,15,3,LZ_WEST,LZEW,20.54
2024-12-20,15,4,LZ_WEST,LZEW,20.08
2024-12-20,16,1,LZ_WEST,LZEW,19.60
2024-12-20,16,2,LZ_WEST,LZEW,19.57
2024-12-20,16,3,LZ_WEST,LZEW,19.58
2024-12-20,16,4,LZ_WEST,LZEW,19.12
2024-12-20,17,1,LZ_WEST,LZEW,20.93
2024-12-20,17,2,LZ_WEST,LZEW,27.07
2024-12-20,17,3,LZ_WEST,LZEW,43.73
2024-12-20,17,4,LZ_WEST,LZEW,69.63
2024-12-20,18,1,LZ_WEST,LZEW,83.14
2024-12-20,18,2,LZ_WEST,LZEW,129.91
2024-12-20,18,3,LZ_WEST,LZEW,136.22
2024-12-20,18,4,LZ_WEST,LZEW,134.76
2024-12-20,19,1,LZ_WEST,LZEW,95.22
2024-12-20,19,2,LZ_WEST,LZEW,121.59
2024-12-20,19,3,LZ_WEST,LZEW,141.93
2024-12-20,19,4,LZ_WEST,LZEW,139.29
2024-12-20,20,1,LZ_WEST,LZEW,107.52
2024-12-20,20,2,LZ_WEST,LZEW,74.19
2024-12-20,20,3,LZ_WEST,LZEW,69.89
2024-12-20,20,4,LZ_WEST,LZEW,62.31
2024-12-20,21,1,LZ_WEST,LZEW,51.97
2024-12-20,21,2,LZ_WEST,LZEW,55.35
2024-12-20,21,3,LZ_WEST,LZEW,43.53
2024-12-20,21,4,LZ_WEST,LZEW,46.32
2024-12-20,22,1,LZ_WEST,LZEW,40.17
2024-12-20,22,2,LZ_WEST,LZEW,40.15
2024-12-20,22,3,LZ_WEST,LZEW,41.84
2024-12-20,22,4,LZ_WEST,LZEW,44.95
2024-12-20,23,1,LZ_WEST,LZEW,44.61
2024-12-20,23,2,LZ_WEST,LZEW,44.12
2024-12-20,23,3,LZ_WEST,LZEW,42.79
2024-12-20,23,4,LZ_WEST,LZEW,41.27
2024-12-20,24,1,LZ_WEST,LZEW,41.10
2024-12-20,24,2,LZ_WEST,LZEW,39.40
2024-12-20,24,3,LZ_WEST,LZEW,33.84
2024-12-20,24,4,LZ_WEST,LZEW,33.38
2024-12-21,1,1,LZ_WEST,LZEW,35.95
2024-12-21,1,2,LZ_WEST,LZEW,40.14
2024-12-21,1,3,LZ_WEST,LZEW,41.40
2024-12-21,1,4,LZ_WEST,LZEW,43.69
2024-12-21,2,1,LZ_WEST,LZEW,42.07
2024-12-21,2,2,LZ_WEST,LZEW,41.77
2024-12-21,2,3,LZ_WEST,LZEW,30.33
2024-12-21,2,4,LZ_WEST,LZEW,27.41
2024-12-21,3,1,LZ_WEST,LZEW,24.33
2024-12-21,3,2,LZ_WEST,LZEW,24.21
2024-12-21,3,3,LZ_WEST,LZEW,24.53
2024-12-21,3,4,LZ_WEST,LZEW,24.22
2024-12-21,4,1,LZ_WEST,LZEW,24.09
2024-12-21,4,2,LZ_WEST,LZEW,24.98
2024-12-21,4,3,LZ_WEST,LZEW,24.82
2024-12-21,4,4,LZ_WEST,LZEW,24.45
2024-12-21,5,1,LZ_WEST,LZEW,24.39
2024-12-21,5,2,LZ_WEST,LZEW,24.06
2024-12-21,5,3,LZ_WEST,LZEW,24.11
2024-12-21,5,4,LZ_WEST,LZEW,23.01
2024-12-21,6,1,LZ_WEST,LZEW,24.48
2024-12-21,6,2,LZ_WEST,LZEW,26.68
2024-12-21,6,3,LZ_WEST,LZEW,25.99
2024-12-21,6,4,LZ_WEST,LZEW,25.70
2024-12-21,7,1,LZ_WEST,LZEW,27.82
2024-12-21,7,2,LZ_WEST,LZEW,27.53
2024-12-21,7,3,LZ_WEST,LZEW,23.38
2024-12-21,7,4,LZ_WEST,LZEW,23.84
2024-12-21,8,1,LZ_WEST,LZEW,24.48
2024-12-21,8,2,LZ_WEST,LZEW,24.72
2024-12-21,8,3,LZ_WEST,LZEW,25.12
2024-12-21,8,4,LZ_WEST,LZEW,23.63
2024-12-21,9,1,LZ_WEST,LZEW,55.76
2024-12-21,9,2,LZ_WEST,LZEW,49.87
2024-12-21,9,3,LZ_WEST,LZEW,35.29
2024-12-21,9,4,LZ_WEST,LZEW,25.10
2024-12-21,10,1,LZ_WEST,LZEW,17.01
2024-12-21,10,2,LZ_WEST,LZEW,18.29
2024-12-21,10,3,LZ_WEST,LZEW,17.85
2024-12-21,10,4,LZ_WEST,LZEW,17.92
2024-12-21,11,1,LZ_WEST,LZEW,17.94
2024-12-21,11,2,LZ_WEST,LZEW,17.84
2024-12-21,11,3,LZ_WEST,LZEW,18.36
2024-12-21,11,4,LZ_WEST,LZEW,18.95
2024-12-21,12,1,LZ_WEST,LZEW,19.74
2024-12-21,12,2,LZ_WEST,LZEW,19.80
2024-12-21,12,3,LZ_WEST,LZEW,19.79
2024-12-21,12,4,LZ_WEST,LZEW,19.88
2024-12-21,13,1,LZ_WEST,LZEW,19.87
2024-12-21,13,2,LZ_WEST,LZEW,20.10
2024-12-21,13,3,LZ_WEST,LZEW,20.48
2024-12-21,13,4,LZ_WEST,LZEW,19.84
2024-12-21,14,1,LZ_WEST,LZEW,20.83
2024-12-21,14,2,LZ_WEST,LZEW,20.57
2024-12-21,14,3,LZ_WEST,LZEW,20.60
2024-12-21,14,4,LZ_WEST,LZEW,20.32
2024-12-21,15,1,LZ_WEST,LZEW,18.91
2024-12-21,15,2,LZ_WEST,LZEW,19.43
2024-12-21,15,3,LZ_WEST,LZEW,18.92
2024-12-21,15,4,LZ_WEST,LZEW,18.47
2024-12-21,16,1,LZ_WEST,LZEW,18.38
2024-12-21,16,2,LZ_WEST,LZEW,18.93
2024-12-21,16,3,LZ_WEST,LZEW,18.37
2024-12-21,16,4,LZ_WEST,LZEW,17.80
2024-12-21,17,1,LZ_WEST,LZEW,19.95
2024-12-21,17,2,LZ_WEST,LZEW,28.53
2024-12-21,17,3,LZ_WEST,LZEW,44.56
2024-12-21,17,4,LZ_WEST,LZEW,58.79
2024-12-21,18,1,LZ_WEST,LZEW,68.09
2024-12-21,18,2,LZ_WEST,LZEW,83.22
2024-12-21,18,3,LZ_WEST,LZEW,84.61
2024-12-21,18,4,LZ_WEST,LZEW,74.76
2024-12-21,19,1,LZ_WEST,LZEW,65.86
2024-12-21,19,2,LZ_WEST,LZEW,49.10
2024-12-21,19,3,LZ_WEST,LZEW,46.22
2024-12-21,19,4,LZ_WEST,LZEW,44.44
2024-12-21,20,1,LZ_WEST,LZEW,48.37
2024-12-21,20,2,LZ_WEST,LZEW,46.41
2024-12-21,20,3,LZ_WEST,LZEW,43.72
2024-12-21,20,4,LZ_WEST,LZEW,41.62
2024-12-21,21,1,LZ_WEST,LZEW,47.25
2024-12-21,21,2,LZ_WEST,LZEW,46.71
2024-12-21,21,3,LZ_WEST,LZEW,46.43
2024-12-21,21,4,LZ_WEST,LZEW,46.08
2024-12-21,22,1,LZ_WEST,LZEW,47.85
2024-12-21,22,2,LZ_WEST,LZEW,50.80
2024-12-21,22,3,LZ_WEST,LZEW,50.69
2024-12-21,22,4,LZ_WEST,LZEW,52.03
2024-12-21,23,1,LZ_WEST,LZEW,52.62
2024-12-21,23,2,LZ_WEST,LZEW,52.69
2024-12-21,23,3,LZ_WEST,LZEW,52.64
2024-12-21,23,4,LZ_WEST,LZEW,51.64
2024-12-21,24,1,LZ_WEST,LZEW,52.20
2024-12-21,24,2,LZ_WEST,LZEW,53.01
2024-12-21,24,3,LZ_WEST,LZEW,50.34
2024-12-21,24,4,LZ_WEST,LZEW,51.77
2024-12-22,1,1,LZ_WEST,LZEW,51.88
2024-12-22,1,2,LZ_WEST,LZEW,50.65
2024-12-22,1,3,LZ_WEST,LZEW,39.09
2024-12-22,1,4,LZ_WEST,LZEW,34.15
2024-12-22,2,1,LZ_WEST,LZEW,33.84
2024-12-22,2,2,LZ_WEST,LZEW,50.88
2024-12-22,2,3,LZ_WEST,LZEW,50.60
2024-12-22,2,4,LZ_WEST,LZEW,48.64
2024-12-22,3,1,LZ_WEST,LZEW,48.96
2024-12-22,3,2,LZ_WEST,LZEW,47.77
2024-12-22,3,3,LZ_WEST,LZEW,46.69
2024-12-22,3,4,LZ_WEST,LZEW,46.69
2024-12-22,4,1,LZ_WEST,LZEW,48.55
2024-12-22,4,2,LZ_WEST,LZEW,48.11
2024-12-22,4,3,LZ_WEST,LZEW,48.97
2024-12-22,4,4,LZ_WEST,LZEW,49.71
2024-12-22,5,1,LZ_WEST,LZEW,50.29
2024-12-22,5,2,LZ_WEST,LZEW,51.45
2024-12-22,5,3,LZ_WEST,LZEW,51.47
2024-12-22,5,4,LZ_WEST,LZEW,50.82
2024-12-22,6,1,LZ_WEST,LZEW,50.12
2024-12-22,6,2,LZ_WEST,LZEW,49.41
2024-12-22,6,3,LZ_WEST,LZEW,50.27
2024-12-22,6,4,LZ_WEST,LZEW,50.27
2024-12-22,7,1,LZ_WEST,LZEW,50.07
2024-12-22,7,2,LZ_WEST,LZEW,50.22
2024-12-22,7,3,LZ_WEST,LZEW,50.69
2024-12-22,7,4,LZ_WEST,LZEW,51.79
2024-12-22,8,1,LZ_WEST,LZEW,41.16
2024-12-22,8,2,LZ_WEST,LZEW,46.47
2024-12-22,8,3,LZ_WEST,LZEW,46.59
2024-12-22,8,4,LZ_WEST,LZEW,44.48
2024-12-22,9,1,LZ_WEST,LZEW,43.68
2024-12-22,9,2,LZ_WEST,LZEW,22.84
2024-12-22,9,3,LZ_WEST,LZEW,15.27
2024-12-22,9,4,LZ_WEST,LZEW,14.85
2024-12-22,10,1,LZ_WEST,LZEW,15.94
2024-12-22,10,2,LZ_WEST,LZEW,16.18
2024-12-22,10,3,LZ_WEST,LZEW,15.12
2024-12-22,10,4,LZ_WEST,LZEW,13.22
2024-12-22,11,1,LZ_WEST,LZEW,12.34
2024-12-22,11,2,LZ_WEST,LZEW,6.74
2024-12-22,11,3,LZ_WEST,LZEW,5.26
2024-12-22,11,4,LZ_WEST,LZEW,2.96
2024-12-22,12,1,LZ_WEST,LZEW,0.41
2024-12-22,12,2,LZ_WEST,LZEW,0.04
2024-12-22,12,3,LZ_WEST,LZEW,0
2024-12-22,12,4,LZ_WEST,LZEW,0
2024-12-22,13,1,LZ_WEST,LZEW,0
2024-12-22,13,2,LZ_WEST,LZEW,-0.01
2024-12-22,13,3,LZ_WEST,LZEW,-0.43
2024-12-22,13,4,LZ_WEST,LZEW,-0.86
2024-12-22,14,1,LZ_WEST,LZEW,-1.01
2024-12-22,14,2,LZ_WEST,LZEW,-0.87
2024-12-22,14,3,LZ_WEST,LZEW,-1.23
2024-12-22,14,4,LZ_WEST,LZEW,-1.36
2024-12-22,15,1,LZ_WEST,LZEW,-1.57
2024-12-22,15,2,LZ_WEST,LZEW,-1.63
2024-12-22,15,3,LZ_WEST,LZEW,-1.78
2024-12-22,15,4,LZ_WEST,LZEW,-1.88
2024-12-22,16,1,LZ_WEST,LZEW,-1.78
2024-12-22,16,2,LZ_WEST,LZEW,-1.61
2024-12-22,16,3,LZ_WEST,LZEW,-1.62
2024-12-22,16,4,LZ_WEST,LZEW,-1.36
2024-12-22,17,1,LZ_WEST,LZEW,-1.47
2024-12-22,17,2,LZ_WEST,LZEW,-0.93
2024-12-22,17,3,LZ_WEST,LZEW,-0.36
2024-12-22,17,4,LZ_WEST,LZEW,0.22
2024-12-22,18,1,LZ_WEST,LZEW,19.25
2024-12-22,18,2,LZ_WEST,LZEW,47.59
2024-12-22,18,3,LZ_WEST,LZEW,53.10
2024-12-22,18,4,LZ_WEST,LZEW,53.01
2024-12-22,19,1,LZ_WEST,LZEW,50.67
2024-12-22,19,2,LZ_WEST,LZEW,49.37
2024-12-22,19,3,LZ_WEST,LZEW,44.10
2024-12-22,19,4,LZ_WEST,LZEW,39.37
2024-12-22,20,1,LZ_WEST,LZEW,33.50
2024-12-22,20,2,LZ_WEST,LZEW,40.16
2024-12-22,20,3,LZ_WEST,LZEW,41.09
2024-12-22,20,4,LZ_WEST,LZEW,34.96
2024-12-22,21,1,LZ_WEST,LZEW,41.01
2024-12-22,21,2,LZ_WEST,LZEW,41.97
2024-12-22,21,3,LZ_WEST,LZEW,38.97
2024-12-22,21,4,LZ_WEST,LZEW,38.08
2024-12-22,22,1,LZ_WEST,LZEW,37.89
2024-12-22,22,2,LZ_WEST,LZEW,44.41
2024-12-22,22,3,LZ_WEST,LZEW,44.70
2024-12-22,22,4,LZ_WEST,LZEW,47.23
2024-12-22,23,1,LZ_WEST,LZEW,48.23
2024-12-22,23,2,LZ_WEST,LZEW,47.44
2024-12-22,23,3,LZ_WEST,LZEW,43.06
2024-12-22,23,4,LZ_WEST,LZEW,35.92
2024-12-22,24,1,LZ_WEST,LZEW,39.88
2024-12-22,24,2,LZ_WEST,LZEW,37
2024-12-22,24,3,LZ_WEST,LZEW,40.46
2024-12-22,24,4,LZ_WEST,LZEW,30.13
2024-12-23,1,1,LZ_WEST,LZEW,27.18
2024-12-23,1,2,LZ_WEST,LZEW,27.12
2024-12-23,1,3,LZ_WEST,LZEW,31
2024-12-23,1,4,LZ_WEST,LZEW,28.60
2024-12-23,2,1,LZ_WEST,LZEW,30.81
2024-12-23,2,2,LZ_WEST,LZEW,31.54
2024-12-23,2,3,LZ_WEST,LZEW,33.41
2024-12-23,2,4,LZ_WEST,LZEW,33.95
2024-12-23,3,1,LZ_WEST,LZEW,33.59
2024-12-23,3,2,LZ_WEST,LZEW,29.90
2024-12-23,3,3,LZ_WEST,LZEW,30.21
2024-12-23,3,4,LZ_WEST,LZEW,29.42
2024-12-23,4,1,LZ_WEST,LZEW,29.66
2024-12-23,4,2,LZ_WEST,LZEW,29.81
2024-12-23,4,3,LZ_WEST,LZEW,29.58
2024-12-23,4,4,LZ_WEST,LZEW,34.26
2024-12-23,5,1,LZ_WEST,LZEW,35.24
2024-12-23,5,2,LZ_WEST,LZEW,39.21
2024-12-23,5,3,LZ_WEST,LZEW,43.45
2024-12-23,5,4,LZ_WEST,LZEW,45.86
2024-12-23,6,1,LZ_WEST,LZEW,45.03
2024-12-23,6,2,LZ_WEST,LZEW,46.63
2024-12-23,6,3,LZ_WEST,LZEW,50.38
2024-12-23,6,4,LZ_WEST,LZEW,52.52
2024-12-23,7,1,LZ_WEST,LZEW,50.75
2024-12-23,7,2,LZ_WEST,LZEW,48.93
2024-12-23,7,3,LZ_WEST,LZEW,50.50
2024-12-23,7,4,LZ_WEST,LZEW,57.10
2024-12-23,8,1,LZ_WEST,LZEW,52.78
2024-12-23,8,2,LZ_WEST,LZEW,57.14
2024-12-23,8,3,LZ_WEST,LZEW,57.36
2024-12-23,8,4,LZ_WEST,LZEW,55.39
2024-12-23,9,1,LZ_WEST,LZEW,56.29
2024-12-23,9,2,LZ_WEST,LZEW,35.44
2024-12-23,9,3,LZ_WEST,LZEW,19
2024-12-23,9,4,LZ_WEST,LZEW,16.39
2024-12-23,10,1,LZ_WEST,LZEW,15.82
2024-12-23,10,2,LZ_WEST,LZEW,13.92
2024-12-23,10,3,LZ_WEST,LZEW,10.01
2024-12-23,10,4,LZ_WEST,LZEW,5.91
2024-12-23,11,1,LZ_WEST,LZEW,3.69
2024-12-23,11,2,LZ_WEST,LZEW,1.40
2024-12-23,11,3,LZ_WEST,LZEW,0.43
2024-12-23,11,4,LZ_WEST,LZEW,0.12
2024-12-23,12,1,LZ_WEST,LZEW,-0.14
2024-12-23,12,2,LZ_WEST,LZEW,-0.22
2024-12-23,12,3,LZ_WEST,LZEW,-0.33
2024-12-23,12,4,LZ_WEST,LZEW,-0.06
2024-12-23,13,1,LZ_WEST,LZEW,0
2024-12-23,13,2,LZ_WEST,LZEW,0.01
2024-12-23,13,3,LZ_WEST,LZEW,0.05
2024-12-23,13,4,LZ_WEST,LZEW,0.50
2024-12-23,14,1,LZ_WEST,LZEW,0.48
2024-12-23,14,2,LZ_WEST,LZEW,3.57
2024-12-23,14,3,LZ_WEST,LZEW,7.85
2024-12-23,14,4,LZ_WEST,LZEW,10.70
2024-12-23,15,1,LZ_WEST,LZEW,12.20
2024-12-23,15,2,LZ_WEST,LZEW,13
2024-12-23,15,3,LZ_WEST,LZEW,17.34
2024-12-23,15,4,LZ_WEST,LZEW,20.20
2024-12-23,16,1,LZ_WEST,LZEW,17.18
2024-12-23,16,2,LZ_WEST,LZEW,19.41
2024-12-23,16,3,LZ_WEST,LZEW,19.84
2024-12-23,16,4,LZ_WEST,LZEW,20.35
2024-12-23,17,1,LZ_WEST,LZEW,21.22
2024-12-23,17,2,LZ_WEST,LZEW,21.54
2024-12-23,17,3,LZ_WEST,LZEW,26.25
2024-12-23,17,4,LZ_WEST,LZEW,32.56
2024-12-23,18,1,LZ_WEST,LZEW,49.35
2024-12-23,18,2,LZ_WEST,LZEW,63.86
2024-12-23,18,3,LZ_WEST,LZEW,71.86
2024-12-23,18,4,LZ_WEST,LZEW,65.59
2024-12-23,19,1,LZ_WEST,LZEW,39.39
2024-12-23,19,2,LZ_WEST,LZEW,28.27
2024-12-23,19,3,LZ_WEST,LZEW,22.61
2024-12-23,19,4,LZ_WEST,LZEW,19.39
2024-12-23,20,1,LZ_WEST,LZEW,22.28
2024-12-23,20,2,LZ_WEST,LZEW,23.04
2024-12-23,20,3,LZ_WEST,LZEW,20.49
2024-12-23,20,4,LZ_WEST,LZEW,19.59
2024-12-23,21,1,LZ_WEST,LZEW,21.43
2024-12-23,21,2,LZ_WEST,LZEW,21.21
2024-12-23,21,3,LZ_WEST,LZEW,21.32
2024-12-23,21,4,LZ_WEST,LZEW,21.92
2024-12-23,22,1,LZ_WEST,LZEW,21.82
2024-12-23,22,2,LZ_WEST,LZEW,21.94
2024-12-23,22,3,LZ_WEST,LZEW,22.38
2024-12-23,22,4,LZ_WEST,LZEW,22.23
2024-12-23,23,1,LZ_WEST,LZEW,22.38
2024-12-23,23,2,LZ_WEST,LZEW,23.54
2024-12-23,23,3,LZ_WEST,LZEW,24.60
2024-12-23,23,4,LZ_WEST,LZEW,25.34
2024-12-23,24,1,LZ_WEST,LZEW,26.82
2024-12-23,24,2,LZ_WEST,LZEW,36.47
2024-12-23,24,3,LZ_WEST,LZEW,34.58
2024-12-23,24,4,LZ_WEST,LZEW,36.69
2024-12-24,1,1,LZ_WEST,LZEW,50.04
2024-12-24,1,2,LZ_WEST,LZEW,50.93
2024-12-24,1,3,LZ_WEST,LZEW,51.32
2024-12-24,1,4,LZ_WEST,LZEW,50.25
2024-12-24,2,1,LZ_WEST,LZEW,53.95
2024-12-24,2,2,LZ_WEST,LZEW,56.98
2024-12-24,2,3,LZ_WEST,LZEW,48.86
2024-12-24,2,4,LZ_WEST,LZEW,46.87
2024-12-24,3,1,LZ_WEST,LZEW,38.02
2024-12-24,3,2,LZ_WEST,LZEW,50.87
2024-12-24,3,3,LZ_WEST,LZEW,48.61
2024-12-24,3,4,LZ_WEST,LZEW,47.98
2024-12-24,4,1,LZ_WEST,LZEW,50.73
2024-12-24,4,2,LZ_WEST,LZEW,51.31
2024-12-24,4,3,LZ_WEST,LZEW,54.88
2024-12-24,4,4,LZ_WEST,LZEW,53.98
2024-12-24,5,1,LZ_WEST,LZEW,48.32
2024-12-24,5,2,LZ_WEST,LZEW,53.43
2024-12-24,5,3,LZ_WEST,LZEW,50.19
2024-12-24,5,4,LZ_WEST,LZEW,50.57
2024-12-24,6,1,LZ_WEST,LZEW,37
2024-12-24,6,2,LZ_WEST,LZEW,38.47
2024-12-24,6,3,LZ_WEST,LZEW,37.77
2024-12-24,6,4,LZ_WEST,LZEW,41.65
2024-12-24,7,1,LZ_WEST,LZEW,41.32
2024-12-24,7,2,LZ_WEST,LZEW,40.17
2024-12-24,7,3,LZ_WEST,LZEW,30.25
2024-12-24,7,4,LZ_WEST,LZEW,32.82
2024-12-24,8,1,LZ_WEST,LZEW,27.68
2024-12-24,8,2,LZ_WEST,LZEW,32.63
2024-12-24,8,3,LZ_WEST,LZEW,42.20
2024-12-24,8,4,LZ_WEST,LZEW,38.14
2024-12-24,9,1,LZ_WEST,LZEW,47.29
2024-12-24,9,2,LZ_WEST,LZEW,51.39
2024-12-24,9,3,LZ_WEST,LZEW,43.29
2024-12-24,9,4,LZ_WEST,LZEW,32.44
2024-12-24,10,1,LZ_WEST,LZEW,28.25
2024-12-24,10,2,LZ_WEST,LZEW,23.40
2024-12-24,10,3,LZ_WEST,LZEW,19.93
2024-12-24,10,4,LZ_WEST,LZEW,19.93
2024-12-24,11,1,LZ_WEST,LZEW,21.29
2024-12-24,11,2,LZ_WEST,LZEW,22.36
2024-12-24,11,3,LZ_WEST,LZEW,22.30
2024-12-24,11,4,LZ_WEST,LZEW,22.30
2024-12-24,12,1,LZ_WEST,LZEW,23.61
2024-12-24,12,2,LZ_WEST,LZEW,22.93
2024-12-24,12,3,LZ_WEST,LZEW,22.25
2024-12-24,12,4,LZ_WEST,LZEW,22.23
2024-12-24,13,1,LZ_WEST,LZEW,22.64
2024-12-24,13,2,LZ_WEST,LZEW,22.41
2024-12-24,13,3,LZ_WEST,LZEW,22.67
2024-12-24,13,4,LZ_WEST,LZEW,22.51
2024-12-24,14,1,LZ_WEST,LZEW,22.34
2024-12-24,14,2,LZ_WEST,LZEW,22.20
2024-12-24,14,3,LZ_WEST,LZEW,22.17
2024-12-24,14,4,LZ_WEST,LZEW,21.01
2024-12-24,15,1,LZ_WEST,LZEW,21.81
2024-12-24,15,2,LZ_WEST,LZEW,21.85
2024-12-24,15,3,LZ_WEST,LZEW,21.85
2024-12-24,15,4,LZ_WEST,LZEW,22.96
2024-12-24,16,1,LZ_WEST,LZEW,20.71
2024-12-24,16,2,LZ_WEST,LZEW,19.49
2024-12-24,16,3,LZ_WEST,LZEW,18.60
2024-12-24,16,4,LZ_WEST,LZEW,19.01
2024-12-24,17,1,LZ_WEST,LZEW,17.52
2024-12-24,17,2,LZ_WEST,LZEW,19.67
2024-12-24,17,3,LZ_WEST,LZEW,21.76
2024-12-24,17,4,LZ_WEST,LZEW,23.88
2024-12-24,18,1,LZ_WEST,LZEW,23.98
2024-12-24,18,2,LZ_WEST,LZEW,53.42
2024-12-24,18,3,LZ_WEST,LZEW,72.44
2024-12-24,18,4,LZ_WEST,LZEW,72.44
2024-12-24,19,1,LZ_WEST,LZEW,65.71
2024-12-24,19,2,LZ_WEST,LZEW,64.02
2024-12-24,19,3,LZ_WEST,LZEW,64.47
2024-12-24,19,4,LZ_WEST,LZEW,70.40
2024-12-24,20,1,LZ_WEST,LZEW,76.47
2024-12-24,20,2,LZ_WEST,LZEW,73.70
2024-12-24,20,3,LZ_WEST,LZEW,76.19
2024-12-24,20,4,LZ_WEST,LZEW,78.37
2024-12-24,21,1,LZ_WEST,LZEW,79.57
2024-12-24,21,2,LZ_WEST,LZEW,79.72
2024-12-24,21,3,LZ_WEST,LZEW,85.49
2024-12-24,21,4,LZ_WEST,LZEW,88.51
2024-12-24,22,1,LZ_WEST,LZEW,92.69
2024-12-24,22,2,LZ_WEST,LZEW,94.15
2024-12-24,22,3,LZ_WEST,LZEW,95.30
2024-12-24,22,4,LZ_WEST,LZEW,93.60
2024-12-24,23,1,LZ_WEST,LZEW,96.90
2024-12-24,23,2,LZ_WEST,LZEW,97.78
2024-12-24,23,3,LZ_WEST,LZEW,82.10
2024-12-24,23,4,LZ_WEST,LZEW,103.06
2024-12-24,24,1,LZ_WEST,LZEW,109.22
2024-12-24,24,2,LZ_WEST,LZEW,114.08
2024-12-24,24,3,LZ_WEST,LZEW,112.98
2024-12-24,24,4,LZ_WEST,LZEW,85.99
2024-12-25,1,1,LZ_WEST,LZEW,55.11
2024-12-25,1,2,LZ_WEST,LZEW,108.31
2024-12-25,1,3,LZ_WEST,LZEW,61.64
2024-12-25,1,4,LZ_WEST,LZEW,75.60
2024-12-25,2,1,LZ_WEST,LZEW,78.45
2024-12-25,2,2,LZ_WEST,LZEW,60.49
2024-12-25,2,3,LZ_WEST,LZEW,77.17
2024-12-25,2,4,LZ_WEST,LZEW,66.09
2024-12-25,3,1,LZ_WEST,LZEW,62.92
2024-12-25,3,2,LZ_WEST,LZEW,65.95
2024-12-25,3,3,LZ_WEST,LZEW,73.66
2024-12-25,3,4,LZ_WEST,LZEW,80.06
2024-12-25,4,1,LZ_WEST,LZEW,74.65
2024-12-25,4,2,LZ_WEST,LZEW,59.59
2024-12-25,4,3,LZ_WEST,LZEW,72.97
2024-12-25,4,4,LZ_WEST,LZEW,70.56
2024-12-25,5,1,LZ_WEST,LZEW,68.22
2024-12-25,5,2,LZ_WEST,LZEW,80.05
2024-12-25,5,3,LZ_WEST,LZEW,65.62
2024-12-25,5,4,LZ_WEST,LZEW,80.23
2024-12-25,6,1,LZ_WEST,LZEW,92.89
2024-12-25,6,2,LZ_WEST,LZEW,88.97
2024-12-25,6,3,LZ_WEST,LZEW,72.39
2024-12-25,6,4,LZ_WEST,LZEW,78.85
2024-12-25,7,1,LZ_WEST,LZEW,85.25
2024-12-25,7,2,LZ_WEST,LZEW,74.09
2024-12-25,7,3,LZ_WEST,LZEW,113.87
2024-12-25,7,4,LZ_WEST,LZEW,81.33
2024-12-25,8,1,LZ_WEST,LZEW,79.36
2024-12-25,8,2,LZ_WEST,LZEW,109.67
2024-12-25,8,3,LZ_WEST,LZEW,95.48
2024-12-25,8,4,LZ_WEST,LZEW,72.78
2024-12-25,9,1,LZ_WEST,LZEW,67.91
2024-12-25,9,2,LZ_WEST,LZEW,43.66
2024-12-25,9,3,LZ_WEST,LZEW,80.54
2024-12-25,9,4,LZ_WEST,LZEW,42.61
2024-12-25,10,1,LZ_WEST,LZEW,27.05
2024-12-25,10,2,LZ_WEST,LZEW,23.04
2024-12-25,10,3,LZ_WEST,LZEW,23.02
2024-12-25,10,4,LZ_WEST,LZEW,23.71
2024-12-25,11,1,LZ_WEST,LZEW,26.34
2024-12-25,11,2,LZ_WEST,LZEW,32.55
2024-12-25,11,3,LZ_WEST,LZEW,32.82
2024-12-25,11,4,LZ_WEST,LZEW,29.98
2024-12-25,12,1,LZ_WEST,LZEW,41.28
2024-12-25,12,2,LZ_WEST,LZEW,142.88
2024-12-25,12,3,LZ_WEST,LZEW,129.95
2024-12-25,12,4,LZ_WEST,LZEW,55.71
2024-12-25,13,1,LZ_WEST,LZEW,64.82
2024-12-25,13,2,LZ_WEST,LZEW,50.55
2024-12-25,13,3,LZ_WEST,LZEW,46.01
2024-12-25,13,4,LZ_WEST,LZEW,44.97
2024-12-25,14,1,LZ_WEST,LZEW,64.84
2024-12-25,14,2,LZ_WEST,LZEW,51.78
2024-12-25,14,3,LZ_WEST,LZEW,33.46
2024-12-25,14,4,LZ_WEST,LZEW,31.51
2024-12-25,15,1,LZ_WEST,LZEW,28.66
2024-12-25,15,2,LZ_WEST,LZEW,29.01
2024-12-25,15,3,LZ_WEST,LZEW,29.04
2024-12-25,15,4,LZ_WEST,LZEW,27.06
2024-12-25,16,1,LZ_WEST,LZEW,25.71
2024-12-25,16,2,LZ_WEST,LZEW,28.84
2024-12-25,16,3,LZ_WEST,LZEW,27.09
2024-12-25,16,4,LZ_WEST,LZEW,24.55
2024-12-25,17,1,LZ_WEST,LZEW,23.27
2024-12-25,17,2,LZ_WEST,LZEW,29.79
2024-12-25,17,3,LZ_WEST,LZEW,35.44
2024-12-25,17,4,LZ_WEST,LZEW,48.71
2024-12-25,18,1,LZ_WEST,LZEW,42.76
2024-12-25,18,2,LZ_WEST,LZEW,42.21
2024-12-25,18,3,LZ_WEST,LZEW,45.85
2024-12-25,18,4,LZ_WEST,LZEW,48.99
2024-12-25,19,1,LZ_WEST,LZEW,41.14
2024-12-25,19,2,LZ_WEST,LZEW,36.16
2024-12-25,19,3,LZ_WEST,LZEW,30.04
2024-12-25,19,4,LZ_WEST,LZEW,29.83
2024-12-25,20,1,LZ_WEST,LZEW,29.70
2024-12-25,20,2,LZ_WEST,LZEW,25.99
2024-12-25,20,3,LZ_WEST,LZEW,25.09
2024-12-25,20,4,LZ_WEST,LZEW,24.81
2024-12-25,21,1,LZ_WEST,LZEW,25.07
2024-12-25,21,2,LZ_WEST,LZEW,25.64
2024-12-25,21,3,LZ_WEST,LZEW,24.39
2024-12-25,21,4,LZ_WEST,LZEW,23.52
2024-12-25,22,1,LZ_WEST,LZEW,23.44
2024-12-25,22,2,LZ_WEST,LZEW,22.42
2024-12-25,22,3,LZ_WEST,LZEW,21.77
2024-12-25,22,4,LZ_WEST,LZEW,21.65
2024-12-25,23,1,LZ_WEST,LZEW,25.15
2024-12-25,23,2,LZ_WEST,LZEW,29.26
2024-12-25,23,3,LZ_WEST,LZEW,23.98
2024-12-25,23,4,LZ_WEST,LZEW,22.98
2024-12-25,24,1,LZ_WEST,LZEW,23.56
2024-12-25,24,2,LZ_WEST,LZEW,27.20
2024-12-25,24,3,LZ_WEST,LZEW,27.21
2024-12-25,24,4,LZ_WEST,LZEW,27.39
2024-12-26,1,1,LZ_WEST,LZEW,28.26
2024-12-26,1,2,LZ_WEST,LZEW,32.26
2024-12-26,1,3,LZ_WEST,LZEW,34.44
2024-12-26,1,4,LZ_WEST,LZEW,35.96
2024-12-26,2,1,LZ_WEST,LZEW,39.25
2024-12-26,2,2,LZ_WEST,LZEW,38.55
2024-12-26,2,3,LZ_WEST,LZEW,35.77
2024-12-26,2,4,LZ_WEST,LZEW,35.62
2024-12-26,3,1,LZ_WEST,LZEW,29.91
2024-12-26,3,2,LZ_WEST,LZEW,29.92
2024-12-26,3,3,LZ_WEST,LZEW,30.27
2024-12-26,3,4,LZ_WEST,LZEW,38.33
2024-12-26,4,1,LZ_WEST,LZEW,46.43
2024-12-26,4,2,LZ_WEST,LZEW,55.98
2024-12-26,4,3,LZ_WEST,LZEW,52.96
2024-12-26,4,4,LZ_WEST,LZEW,55.11
2024-12-26,5,1,LZ_WEST,LZEW,61.69
2024-12-26,5,2,LZ_WEST,LZEW,60.80
2024-12-26,5,3,LZ_WEST,LZEW,56.43
2024-12-26,5,4,LZ_WEST,LZEW,53.65
2024-12-26,6,1,LZ_WEST,LZEW,54.91
2024-12-26,6,2,LZ_WEST,LZEW,69.31
2024-12-26,6,3,LZ_WEST,LZEW,77.43
2024-12-26,6,4,LZ_WEST,LZEW,53.10
2024-12-26,7,1,LZ_WEST,LZEW,55.29
2024-12-26,7,2,LZ_WEST,LZEW,72.05
2024-12-26,7,3,LZ_WEST,LZEW,82.69
2024-12-26,7,4,LZ_WEST,LZEW,84.01
2024-12-26,8,1,LZ_WEST,LZEW,67.11
2024-12-26,8,2,LZ_WEST,LZEW,108.42
2024-12-26,8,3,LZ_WEST,LZEW,134.37
2024-12-26,8,4,LZ_WEST,LZEW,176.51
2024-12-26,9,1,LZ_WEST,LZEW,155.49
2024-12-26,9,2,LZ_WEST,LZEW,80.32
2024-12-26,9,3,LZ_WEST,LZEW,68.10
2024-12-26,9,4,LZ_WEST,LZEW,58.66
2024-12-26,10,1,LZ_WEST,LZEW,49.27
2024-12-26,10,2,LZ_WEST,LZEW,63.47
2024-12-26,10,3,LZ_WEST,LZEW,50.94
2024-12-26,10,4,LZ_WEST,LZEW,50.11
2024-12-26,11,1,LZ_WEST,LZEW,54.80
2024-12-26,11,2,LZ_WEST,LZEW,42.39
2024-12-26,11,3,LZ_WEST,LZEW,32.81
2024-12-26,11,4,LZ_WEST,LZEW,33.60
2024-12-26,12,1,LZ_WEST,LZEW,31.05
2024-12-26,12,2,LZ_WEST,LZEW,37.15
2024-12-26,12,3,LZ_WEST,LZEW,40.03
2024-12-26,12,4,LZ_WEST,LZEW,33.01
2024-12-26,13,1,LZ_WEST,LZEW,34.30
2024-12-26,13,2,LZ_WEST,LZEW,32.30
2024-12-26,13,3,LZ_WEST,LZEW,32.36
2024-12-26,13,4,LZ_WEST,LZEW,30.34
2024-12-26,14,1,LZ_WEST,LZEW,33.37
2024-12-26,14,2,LZ_WEST,LZEW,30.84
2024-12-26,14,3,LZ_WEST,LZEW,28.67
2024-12-26,14,4,LZ_WEST,LZEW,27.91
2024-12-26,15,1,LZ_WEST,LZEW,27.26
2024-12-26,15,2,LZ_WEST,LZEW,26.75
2024-12-26,15,3,LZ_WEST,LZEW,26.75
2024-12-26,15,4,LZ_WEST,LZEW,26.04
2024-12-26,16,1,LZ_WEST,LZEW,26.70
2024-12-26,16,2,LZ_WEST,LZEW,31.87
2024-12-26,16,3,LZ_WEST,LZEW,30.57
2024-12-26,16,4,LZ_WEST,LZEW,26.35
2024-12-26,17,1,LZ_WEST,LZEW,24.93
2024-12-26,17,2,LZ_WEST,LZEW,32.35
2024-12-26,17,3,LZ_WEST,LZEW,53.73
2024-12-26,17,4,LZ_WEST,LZEW,81.72
2024-12-26,18,1,LZ_WEST,LZEW,73.09
2024-12-26,18,2,LZ_WEST,LZEW,88.45
2024-12-26,18,3,LZ_WEST,LZEW,112.38
2024-12-26,18,4,LZ_WEST,LZEW,116.65
2024-12-26,19,1,LZ_WEST,LZEW,103.55
2024-12-26,19,2,LZ_WEST,LZEW,88.62
2024-12-26,19,3,LZ_WEST,LZEW,88.89
2024-12-26,19,4,LZ_WEST,LZEW,96.83
2024-12-26,20,1,LZ_WEST,LZEW,88.44
2024-12-26,20,2,LZ_WEST,LZEW,80.15
2024-12-26,20,3,LZ_WEST,LZEW,73.26
2024-12-26,20,4,LZ_WEST,LZEW,64.24
2024-12-26,21,1,LZ_WEST,LZEW,86.39
2024-12-26,21,2,LZ_WEST,LZEW,66.30
2024-12-26,21,3,LZ_WEST,LZEW,78.72
2024-12-26,21,4,LZ_WEST,LZEW,72.77
2024-12-26,22,1,LZ_WEST,LZEW,77.46
2024-12-26,22,2,LZ_WEST,LZEW,74.36
2024-12-26,22,3,LZ_WEST,LZEW,73
2024-12-26,22,4,LZ_WEST,LZEW,58.44
2024-12-26,23,1,LZ_WEST,LZEW,56.70
2024-12-26,23,2,LZ_WEST,LZEW,52.64
2024-12-26,23,3,LZ_WEST,LZEW,46.64
2024-12-26,23,4,LZ_WEST,LZEW,33.52
2024-12-26,24,1,LZ_WEST,LZEW,29.06
2024-12-26,24,2,LZ_WEST,LZEW,25.58
2024-12-26,24,3,LZ_WEST,LZEW,24.37
2024-12-26,24,4,LZ_WEST,LZEW,21.64
2024-12-27,1,1,LZ_WEST,LZEW,23.07
2024-12-27,1,2,LZ_WEST,LZEW,24.65
2024-12-27,1,3,LZ_WEST,LZEW,23.63
2024-12-27,1,4,LZ_WEST,LZEW,23.58
2024-12-27,2,1,LZ_WEST,LZEW,23.72
2024-12-27,2,2,LZ_WEST,LZEW,23.39
2024-12-27,2,3,LZ_WEST,LZEW,22.81
2024-12-27,2,4,LZ_WEST,LZEW,22.68
2024-12-27,3,1,LZ_WEST,LZEW,21.96
2024-12-27,3,2,LZ_WEST,LZEW,20.49
2024-12-27,3,3,LZ_WEST,LZEW,20.13
2024-12-27,3,4,LZ_WEST,LZEW,19.96
2024-12-27,4,1,LZ_WEST,LZEW,21.35
2024-12-27,4,2,LZ_WEST,LZEW,20.84
2024-12-27,4,3,LZ_WEST,LZEW,22.57
2024-12-27,4,4,LZ_WEST,LZEW,24.96
2024-12-27,5,1,LZ_WEST,LZEW,25.67
2024-12-27,5,2,LZ_WEST,LZEW,21.49
2024-12-27,5,3,LZ_WEST,LZEW,22.73
2024-12-27,5,4,LZ_WEST,LZEW,20.78
2024-12-27,6,1,LZ_WEST,LZEW,25.55
2024-12-27,6,2,LZ_WEST,LZEW,21.86
2024-12-27,6,3,LZ_WEST,LZEW,22.61
2024-12-27,6,4,LZ_WEST,LZEW,23.33
2024-12-27,7,1,LZ_WEST,LZEW,21.73
2024-12-27,7,2,LZ_WEST,LZEW,20.83
2024-12-27,7,3,LZ_WEST,LZEW,20.68
2024-12-27,7,4,LZ_WEST,LZEW,19.72
2024-12-27,8,1,LZ_WEST,LZEW,19.77
2024-12-27,8,2,LZ_WEST,LZEW,15.60
2024-12-27,8,3,LZ_WEST,LZEW,17.18
2024-12-27,8,4,LZ_WEST,LZEW,18.67
2024-12-27,9,1,LZ_WEST,LZEW,17.30
2024-12-27,9,2,LZ_WEST,LZEW,15.55
2024-12-27,9,3,LZ_WEST,LZEW,8.26
2024-12-27,9,4,LZ_WEST,LZEW,9.37
2024-12-27,10,1,LZ_WEST,LZEW,7.27
2024-12-27,10,2,LZ_WEST,LZEW,6.34
2024-12-27,10,3,LZ_WEST,LZEW,8.25
2024-12-27,10,4,LZ_WEST,LZEW,9.95
2024-12-27,11,1,LZ_WEST,LZEW,11.19
2024-12-27,11,2,LZ_WEST,LZEW,12.13
2024-12-27,11,3,LZ_WEST,LZEW,13.16
2024-12-27,11,4,LZ_WEST,LZEW,13.55
2024-12-27,12,1,LZ_WEST,LZEW,13.29
2024-12-27,12,2,LZ_WEST,LZEW,13.98
2024-12-27,12,3,LZ_WEST,LZEW,14.37
2024-12-27,12,4,LZ_WEST,LZEW,14.15
2024-12-27,13,1,LZ_WEST,LZEW,14.41
2024-12-27,13,2,LZ_WEST,LZEW,12.58
2024-12-27,13,3,LZ_WEST,LZEW,13.15
2024-12-27,13,4,LZ_WEST,LZEW,14.40
2024-12-27,14,1,LZ_WEST,LZEW,20.19
2024-12-27,14,2,LZ_WEST,LZEW,26.86
2024-12-27,14,3,LZ_WEST,LZEW,30.77
2024-12-27,14,4,LZ_WEST,LZEW,27.53
2024-12-27,15,1,LZ_WEST,LZEW,25.70
2024-12-27,15,2,LZ_WEST,LZEW,22.62
2024-12-27,15,3,LZ_WEST,LZEW,28.39
2024-12-27,15,4,LZ_WEST,LZEW,32.36
2024-12-27,16,1,LZ_WEST,LZEW,30.96
2024-12-27,16,2,LZ_WEST,LZEW,39.59
2024-12-27,16,3,LZ_WEST,LZEW,36.49
2024-12-27,16,4,LZ_WEST,LZEW,30.94
2024-12-27,17,1,LZ_WEST,LZEW,32.69
2024-12-27,17,2,LZ_WEST,LZEW,53.88
2024-12-27,17,3,LZ_WEST,LZEW,70.75
2024-12-27,17,4,LZ_WEST,LZEW,78.28
2024-12-27,18,1,LZ_WEST,LZEW,52.53
2024-12-27,18,2,LZ_WEST,LZEW,40.52
2024-12-27,18,3,LZ_WEST,LZEW,30.80
2024-12-27,18,4,LZ_WEST,LZEW,25.93
2024-12-27,19,1,LZ_WEST,LZEW,31.36
2024-12-27,19,2,LZ_WEST,LZEW,25.92
2024-12-27,19,3,LZ_WEST,LZEW,22.87
2024-12-27,19,4,LZ_WEST,LZEW,25.32
2024-12-27,20,1,LZ_WEST,LZEW,39.23
2024-12-27,20,2,LZ_WEST,LZEW,35.42
2024-12-27,20,3,LZ_WEST,LZEW,34.49
2024-12-27,20,4,LZ_WEST,LZEW,32.84
2024-12-27,21,1,LZ_WEST,LZEW,27.01
2024-12-27,21,2,LZ_WEST,LZEW,30.15
2024-12-27,21,3,LZ_WEST,LZEW,28.93
2024-12-27,21,4,LZ_WEST,LZEW,26.63
2024-12-27,22,1,LZ_WEST,LZEW,22.98
2024-12-27,22,2,LZ_WEST,LZEW,18.37
2024-12-27,22,3,LZ_WEST,LZEW,16.58
2024-12-27,22,4,LZ_WEST,LZEW,15.76
2024-12-27,23,1,LZ_WEST,LZEW,18.91
2024-12-27,23,2,LZ_WEST,LZEW,21.40
2024-12-27,23,3,LZ_WEST,LZEW,21.37
2024-12-27,23,4,LZ_WEST,LZEW,20.31
2024-12-27,24,1,LZ_WEST,LZEW,15.09
2024-12-27,24,2,LZ_WEST,LZEW,16.87
2024-12-27,24,3,LZ_WEST,LZEW,16.60
2024-12-27,24,4,LZ_WEST,LZEW,20.78
2024-12-28,1,1,LZ_WEST,LZEW,20.57
2024-12-28,1,2,LZ_WEST,LZEW,28.87
2024-12-28,1,3,LZ_WEST,LZEW,30.32
2024-12-28,1,4,LZ_WEST,LZEW,29.97
2024-12-28,2,1,LZ_WEST,LZEW,27.99
2024-12-28,2,2,LZ_WEST,LZEW,28.10
2024-12-28,2,3,LZ_WEST,LZEW,25.14
2024-12-28,2,4,LZ_WEST,LZEW,26.57
2024-12-28,3,1,LZ_WEST,LZEW,27.59
2024-12-28,3,2,LZ_WEST,LZEW,27.97
2024-12-28,3,3,LZ_WEST,LZEW,26.97
2024-12-28,3,4,LZ_WEST,LZEW,27.67
2024-12-28,4,1,LZ_WEST,LZEW,29.80
2024-12-28,4,2,LZ_WEST,LZEW,29.80
2024-12-28,4,3,LZ_WEST,LZEW,29.62
2024-12-28,4,4,LZ_WEST,LZEW,26.09
2024-12-28,5,1,LZ_WEST,LZEW,23.40
2024-12-28,5,2,LZ_WEST,LZEW,23.15
2024-12-28,5,3,LZ_WEST,LZEW,21.16
2024-12-28,5,4,LZ_WEST,LZEW,21.71
2024-12-28,6,1,LZ_WEST,LZEW,21.47
2024-12-28,6,2,LZ_WEST,LZEW,19.93
2024-12-28,6,3,LZ_WEST,LZEW,21.65
2024-12-28,6,4,LZ_WEST,LZEW,23.13
2024-12-28,7,1,LZ_WEST,LZEW,23.84
2024-12-28,7,2,LZ_WEST,LZEW,23.84
2024-12-28,7,3,LZ_WEST,LZEW,24.57
2024-12-28,7,4,LZ_WEST,LZEW,24.19
2024-12-28,8,1,LZ_WEST,LZEW,21.48
2024-12-28,8,2,LZ_WEST,LZEW,22.96
2024-12-28,8,3,LZ_WEST,LZEW,23.70
2024-12-28,8,4,LZ_WEST,LZEW,23.92
2024-12-28,9,1,LZ_WEST,LZEW,26.26
2024-12-28,9,2,LZ_WEST,LZEW,23.81
2024-12-28,9,3,LZ_WEST,LZEW,20.04
2024-12-28,9,4,LZ_WEST,LZEW,16.71
2024-12-28,10,1,LZ_WEST,LZEW,18.96
2024-12-28,10,2,LZ_WEST,LZEW,17.73
2024-12-28,10,3,LZ_WEST,LZEW,16.40
2024-12-28,10,4,LZ_WEST,LZEW,12.32
2024-12-28,11,1,LZ_WEST,LZEW,9.93
2024-12-28,11,2,LZ_WEST,LZEW,10.38
2024-12-28,11,3,LZ_WEST,LZEW,13.54
2024-12-28,11,4,LZ_WEST,LZEW,14.83
2024-12-28,12,1,LZ_WEST,LZEW,13.94
2024-12-28,12,2,LZ_WEST,LZEW,13.29
2024-12-28,12,3,LZ_WEST,LZEW,12.46
2024-12-28,12,4,LZ_WEST,LZEW,11.32
2024-12-28,13,1,LZ_WEST,LZEW,8.11
2024-12-28,13,2,LZ_WEST,LZEW,4.31
2024-12-28,13,3,LZ_WEST,LZEW,2.99
2024-12-28,13,4,LZ_WEST,LZEW,2.45
2024-12-28,14,1,LZ_WEST,LZEW,2.87
2024-12-28,14,2,LZ_WEST,LZEW,3.13
2024-12-28,14,3,LZ_WEST,LZEW,2.96
2024-12-28,14,4,LZ_WEST,LZEW,3.08
2024-12-28,15,1,LZ_WEST,LZEW,3.56
2024-12-28,15,2,LZ_WEST,LZEW,2.01
2024-12-28,15,3,LZ_WEST,LZEW,2.23
2024-12-28,15,4,LZ_WEST,LZEW,0.77
2024-12-28,16,1,LZ_WEST,LZEW,0
2024-12-28,16,2,LZ_WEST,LZEW,-0.01
2024-12-28,16,3,LZ_WEST,LZEW,-0.03
2024-12-28,16,4,LZ_WEST,LZEW,0.01
2024-12-28,17,1,LZ_WEST,LZEW,0
2024-12-28,17,2,LZ_WEST,LZEW,0.09
2024-12-28,17,3,LZ_WEST,LZEW,10.82
2024-12-28,17,4,LZ_WEST,LZEW,20.20
2024-12-28,18,1,LZ_WEST,LZEW,25.12
2024-12-28,18,2,LZ_WEST,LZEW,29.86
2024-12-28,18,3,LZ_WEST,LZEW,33
2024-12-28,18,4,LZ_WEST,LZEW,31.90
2024-12-28,19,1,LZ_WEST,LZEW,37.92
2024-12-28,19,2,LZ_WEST,LZEW,41.96
2024-12-28,19,3,LZ_WEST,LZEW,42.29
2024-12-28,19,4,LZ_WEST,LZEW,48.31
2024-12-28,20,1,LZ_WEST,LZEW,49.79
2024-12-28,20,2,LZ_WEST,LZEW,51.30
2024-12-28,20,3,LZ_WEST,LZEW,52.63
2024-12-28,20,4,LZ_WEST,LZEW,49.99
2024-12-28,21,1,LZ_WEST,LZEW,48.74
2024-12-28,21,2,LZ_WEST,LZEW,50.37
2024-12-28,21,3,LZ_WEST,LZEW,51.37
2024-12-28,21,4,LZ_WEST,LZEW,52.33
2024-12-28,22,1,LZ_WEST,LZEW,57.89
2024-12-28,22,2,LZ_WEST,LZEW,57.08
2024-12-28,22,3,LZ_WEST,LZEW,58.73
2024-12-28,22,4,LZ_WEST,LZEW,61.54
2024-12-28,23,1,LZ_WEST,LZEW,66.61
2024-12-28,23,2,LZ_WEST,LZEW,71.37
2024-12-28,23,3,LZ_WEST,LZEW,54.99
2024-12-28,23,4,LZ_WEST,LZEW,64.99
2024-12-28,24,1,LZ_WEST,LZEW,71.24
2024-12-28,24,2,LZ_WEST,LZEW,65.37
2024-12-28,24,3,LZ_WEST,LZEW,60.83
2024-12-28,24,4,LZ_WEST,LZEW,41.40
,,,,,41.40